tipo,ref,cor,numero,quantidade,programacao,status,data_lancamento,data_finalizacao
Costura Pronta,BTCV010,AZUL MARINHO,43,24,Ajuste manual - saida,Lançado,2026-04-02 18:44:12.374219+00,
Costura Pronta,BTCV010,AZUL MARINHO,43,24,Ajuste manual - entrada,Lançado,2026-04-02 18:44:40.231508+00,
Costura Pronta,BTCV010,AMARELO,35,12,Ajuste manual - entrada,Lançado,2026-04-02 19:24:17.9443+00,
Costura Pronta,BTCV010,AMARELO,36,12,Ajuste manual - entrada,Lançado,2026-04-02 19:24:31.27598+00,
Costura Pronta,BTCV010,AMARELO,37,12,Ajuste manual - entrada,Lançado,2026-04-02 19:24:39.554328+00,
Costura Pronta,BTCV010,AMARELO,38,12,Ajuste manual - entrada,Lançado,2026-04-02 19:24:52.272209+00,
Costura Pronta,BTCV010,MILITAR,38,24,Ajuste manual - entrada,Lançado,2026-04-02 19:27:35.781919+00,
Costura Pronta,BTCV010,MILITAR,40,24,Ajuste manual - entrada,Lançado,2026-04-02 19:27:48.343061+00,
Costura Pronta,BTCV010,MILITAR,41,24,Ajuste manual - entrada,Lançado,2026-04-02 19:27:59.285611+00,
Costura Pronta,BTCV010,MILITAR,42,36,Ajuste manual - entrada,Lançado,2026-04-02 19:28:11.756423+00,
Montagem,TNCV010,PRETO,34,12,28/03 - CANO BAIXO PRETO,Finalizado,2026-04-02 19:09:26.952138+00,2026-04-02 19:34:36.909+00
Montagem,TNCV010,PRETO,35,24,28/03 - CANO BAIXO PRETO,Finalizado,2026-04-02 19:09:26.952138+00,2026-04-02 19:34:36.909+00
Montagem,TNCV010,PRETO,36,36,28/03 - CANO BAIXO PRETO,Finalizado,2026-04-02 19:09:26.952138+00,2026-04-02 19:34:36.909+00
Montagem,TNCV010,PRETO,37,36,28/03 - CANO BAIXO PRETO,Finalizado,2026-04-02 19:09:26.952138+00,2026-04-02 19:34:36.909+00
Montagem,TNCV010,PRETO,38,24,28/03 - CANO BAIXO PRETO,Finalizado,2026-04-02 19:09:26.952138+00,2026-04-02 19:34:36.909+00
Montagem,BTCV010,ALL BLACK,44,36,28/03 - CANO ALTO ALL BLACK,Finalizado,2026-04-02 19:15:42.020624+00,2026-04-02 19:34:39.523+00
Montagem,BTCV010,LÍLÁS,34,12,28/03 - CANO ALTO LILAS,Finalizado,2026-04-02 19:16:32.671138+00,2026-04-02 19:34:41.826+00
Montagem,BTCV010,LÍLÁS,35,12,28/03 - CANO ALTO LILAS,Finalizado,2026-04-02 19:16:32.671138+00,2026-04-02 19:34:41.826+00
Montagem,BTCV010,LÍLÁS,36,24,28/03 - CANO ALTO LILAS,Finalizado,2026-04-02 19:16:32.671138+00,2026-04-02 19:34:41.826+00
Montagem,BTCV010,LÍLÁS,37,24,28/03 - CANO ALTO LILAS,Finalizado,2026-04-02 19:16:32.671138+00,2026-04-02 19:34:41.826+00
Montagem,BTCV010,LÍLÁS,38,24,28/03 - CANO ALTO LILAS,Finalizado,2026-04-02 19:16:32.671138+00,2026-04-02 19:34:41.826+00
Montagem,BTCV010,LÍLÁS,40,12,28/03 - CANO ALTO LILAS,Finalizado,2026-04-02 19:16:32.671138+00,2026-04-02 19:34:41.826+00
Montagem,BTCV010,AZUL MARINHO,39,24,28/03 - CANO ALTO AZUL MARINHO,Finalizado,2026-04-02 19:17:15.129484+00,2026-04-02 19:34:44.283+00
Montagem,BTCV010,AZUL MARINHO,41,24,28/03 - CANO ALTO AZUL MARINHO,Finalizado,2026-04-02 19:17:15.129484+00,2026-04-02 19:34:44.283+00
Montagem,BTCV010,AZUL MARINHO,42,12,28/03 - CANO ALTO AZUL MARINHO,Finalizado,2026-04-02 19:17:15.129484+00,2026-04-02 19:34:44.283+00
Montagem,TNCV010,BEGE,39,24,28/03 - CANO BAIXO BEGE,Finalizado,2026-04-02 19:19:53.690908+00,2026-04-02 19:34:46.662+00
Montagem,TNCV010,BEGE,40,36,28/03 - CANO BAIXO BEGE,Finalizado,2026-04-02 19:19:53.690908+00,2026-04-02 19:34:46.662+00
Montagem,TNCV010,BRANCO,36,36,28/03 - CANO BAIXO BRANCO,Finalizado,2026-04-02 19:20:27.978982+00,2026-04-02 19:34:49.035+00
Montagem,TNCV010,BRANCO,37,36,28/03 - CANO BAIXO BRANCO,Finalizado,2026-04-02 19:20:27.978982+00,2026-04-02 19:34:49.035+00
Montagem,BTCV010,PRETO,36,48,28/03 - CANO ALTO PRETO,Finalizado,2026-04-02 19:21:22.669841+00,2026-04-02 19:34:50.885+00
Montagem,BTCV010,PRETO,37,48,28/03 - CANO ALTO PRETO,Finalizado,2026-04-02 19:21:22.669841+00,2026-04-02 19:34:50.885+00
Montagem,BTCV010,PRETO,38,48,28/03 - CANO ALTO PRETO,Finalizado,2026-04-02 19:21:22.669841+00,2026-04-02 19:34:50.885+00
Montagem,BTCV010,PRETO,39,36,28/03 - CANO ALTO PRETO,Finalizado,2026-04-02 19:21:22.669841+00,2026-04-02 19:34:50.885+00
Montagem,BTCV010,PRETO,43,36,28/03 - CANO ALTO PRETO,Finalizado,2026-04-02 19:21:22.669841+00,2026-04-02 19:34:50.885+00
Montagem,BTCV010,PRETO,44,36,28/03 - CANO ALTO PRETO,Finalizado,2026-04-02 19:21:22.669841+00,2026-04-02 19:34:50.885+00
Montagem,TNCV010,AZUL MARINHO,35,12,28/03 - CANO BAIXO AZUL MARINHO,Finalizado,2026-04-02 19:22:02.146091+00,2026-04-02 19:34:52.816+00
Montagem,TNCV010,AZUL MARINHO,36,48,28/03 - CANO BAIXO AZUL MARINHO,Finalizado,2026-04-02 19:22:02.146091+00,2026-04-02 19:34:52.816+00
Montagem,TNCV010,AZUL MARINHO,37,48,28/03 - CANO BAIXO AZUL MARINHO,Finalizado,2026-04-02 19:22:02.146091+00,2026-04-02 19:34:52.816+00
Montagem,TNCV010,AZUL MARINHO,38,12,28/03 - CANO BAIXO AZUL MARINHO,Finalizado,2026-04-02 19:22:02.146091+00,2026-04-02 19:34:52.816+00
Montagem,CRVTNCV,CARAMELO,35,24,28/03 - COURINO CARAMELO,Finalizado,2026-04-02 19:22:59.356648+00,2026-04-02 19:34:54.998+00
Montagem,CRVTNCV,CARAMELO,36,36,28/03 - COURINO CARAMELO,Finalizado,2026-04-02 19:22:59.356648+00,2026-04-02 19:34:54.998+00
Montagem,CRVTNCV,CARAMELO,37,36,28/03 - COURINO CARAMELO,Finalizado,2026-04-02 19:22:59.356648+00,2026-04-02 19:34:54.998+00
Montagem,CRVTNCV,CARAMELO,38,24,28/03 - COURINO CARAMELO,Finalizado,2026-04-02 19:22:59.356648+00,2026-04-02 19:34:54.998+00
Montagem,CRVTNCV,CARAMELO,39,24,28/03 - COURINO CARAMELO,Finalizado,2026-04-02 19:22:59.356648+00,2026-04-02 19:34:54.998+00
Montagem,CRVTNCV,CARAMELO,40,24,28/03 - COURINO CARAMELO,Finalizado,2026-04-02 19:22:59.356648+00,2026-04-02 19:34:54.998+00
Montagem,BTCV010,AMARELO,35,12,28/03 - CANO ALTO AMARELO,Finalizado,2026-04-02 19:25:16.491791+00,2026-04-02 19:34:57.307+00
Montagem,BTCV010,AMARELO,36,12,28/03 - CANO ALTO AMARELO,Finalizado,2026-04-02 19:25:16.491791+00,2026-04-02 19:34:57.307+00
Montagem,BTCV010,AMARELO,37,12,28/03 - CANO ALTO AMARELO,Finalizado,2026-04-02 19:25:16.491791+00,2026-04-02 19:34:57.307+00
Montagem,BTCV010,AMARELO,38,12,28/03 - CANO ALTO AMARELO,Finalizado,2026-04-02 19:25:16.491791+00,2026-04-02 19:34:57.307+00
Montagem,BTCV010,AMARELO,39,12,28/03 - CANO ALTO AMARELO,Finalizado,2026-04-02 19:25:16.491791+00,2026-04-02 19:34:57.307+00
Montagem,BTCV010,AMARELO,42,12,28/03 - CANO ALTO AMARELO,Finalizado,2026-04-02 19:25:16.491791+00,2026-04-02 19:34:57.307+00
Montagem,BTCV010,AMARELO,43,12,28/03 - CANO ALTO AMARELO,Finalizado,2026-04-02 19:25:16.491791+00,2026-04-02 19:34:57.307+00
Montagem,BTCV010,MILITAR,38,24,28/03 - CANO ALTO MILITAR,Finalizado,2026-04-02 19:29:18.433903+00,2026-04-02 19:34:59.938+00
Montagem,BTCV010,MILITAR,40,24,28/03 - CANO ALTO MILITAR,Finalizado,2026-04-02 19:29:18.433903+00,2026-04-02 19:34:59.938+00
Montagem,BTCV010,MILITAR,41,24,28/03 - CANO ALTO MILITAR,Finalizado,2026-04-02 19:29:18.433903+00,2026-04-02 19:34:59.938+00
Montagem,BTCV010,MILITAR,42,36,28/03 - CANO ALTO MILITAR,Finalizado,2026-04-02 19:29:18.433903+00,2026-04-02 19:34:59.938+00
Montagem,BTCV010,PINK,34,12,28/03 - CANO ALTO PINK,Finalizado,2026-04-02 19:29:57.312472+00,2026-04-02 19:35:02.022+00
Montagem,BTCV010,PINK,35,12,28/03 - CANO ALTO PINK,Finalizado,2026-04-02 19:29:57.312472+00,2026-04-02 19:35:02.022+00
Montagem,BTCV010,PINK,36,12,28/03 - CANO ALTO PINK,Finalizado,2026-04-02 19:29:57.312472+00,2026-04-02 19:35:02.022+00
Montagem,BTCV010,PINK,37,12,28/03 - CANO ALTO PINK,Finalizado,2026-04-02 19:29:57.312472+00,2026-04-02 19:35:02.022+00
Montagem,BTCV010,PINK,38,12,28/03 - CANO ALTO PINK,Finalizado,2026-04-02 19:29:57.312472+00,2026-04-02 19:35:02.022+00
Montagem,BTCV010,PINK,39,12,28/03 - CANO ALTO PINK,Finalizado,2026-04-02 19:29:57.312472+00,2026-04-02 19:35:02.022+00
Montagem,BTCV010,PINK,40,12,28/03 - CANO ALTO PINK,Finalizado,2026-04-02 19:29:57.312472+00,2026-04-02 19:35:02.022+00
Montagem,BTCV010,AZUL TURQUESA,34,12,28/03 - CANO ALTO AZUL TURQUESA,Finalizado,2026-04-02 19:30:42.966714+00,2026-04-02 19:35:04.005+00
Montagem,BTCV010,AZUL TURQUESA,36,12,28/03 - CANO ALTO AZUL TURQUESA,Finalizado,2026-04-02 19:30:42.966714+00,2026-04-02 19:35:04.005+00
Montagem,BTCV010,AZUL TURQUESA,37,12,28/03 - CANO ALTO AZUL TURQUESA,Finalizado,2026-04-02 19:30:42.966714+00,2026-04-02 19:35:04.005+00
Montagem,BTCV010,AZUL TURQUESA,38,12,28/03 - CANO ALTO AZUL TURQUESA,Finalizado,2026-04-02 19:30:42.966714+00,2026-04-02 19:35:04.005+00
Montagem,BTCV010,AZUL TURQUESA,39,12,28/03 - CANO ALTO AZUL TURQUESA,Finalizado,2026-04-02 19:30:42.966714+00,2026-04-02 19:35:04.005+00
Montagem,BTCV010,BRANCO,35,48,28/03 - CANO ALTO BRANCO,Finalizado,2026-04-02 19:31:28.156069+00,2026-04-02 19:35:06.346+00
Montagem,BTCV010,BRANCO,36,48,28/03 - CANO ALTO BRANCO,Finalizado,2026-04-02 19:31:28.156069+00,2026-04-02 19:35:06.346+00
Montagem,BTCV010,BRANCO,37,48,28/03 - CANO ALTO BRANCO,Finalizado,2026-04-02 19:31:28.156069+00,2026-04-02 19:35:06.346+00
Montagem,BTCV010,BRANCO,39,36,28/03 - CANO ALTO BRANCO,Finalizado,2026-04-02 19:31:28.156069+00,2026-04-02 19:35:06.346+00
Montagem,BTCV010,BRANCO,40,48,28/03 - CANO ALTO BRANCO,Finalizado,2026-04-02 19:31:28.156069+00,2026-04-02 19:35:06.346+00
Pesponto,BTCV010,AZUL BB,35,24,OVERLOQUE CA AZUL BB,Finalizado,2026-04-02 17:48:36.104285+00,2026-04-02 17:48:51.676+00
Pesponto,BTCV010,AZUL BB,36,12,OVERLOQUE CA AZUL BB,Finalizado,2026-04-02 17:48:36.104285+00,2026-04-02 17:48:51.676+00
Pesponto,BTCV010,AZUL BB,37,12,OVERLOQUE CA AZUL BB,Finalizado,2026-04-02 17:48:36.104285+00,2026-04-02 17:48:51.676+00
Pesponto,BTCV010,AZUL BB,39,24,OVERLOQUE CA AZUL BB,Finalizado,2026-04-02 17:48:36.104285+00,2026-04-02 17:48:51.676+00
Pesponto,BTCV010,AZUL BB,40,12,OVERLOQUE CA AZUL BB,Finalizado,2026-04-02 17:48:36.104285+00,2026-04-02 17:48:51.676+00
Pesponto,BTCV010,AZUL BB,41,24,OVERLOQUE CA AZUL BB,Finalizado,2026-04-02 17:48:36.104285+00,2026-04-02 17:48:51.676+00
Pesponto,BTCV010,AZUL BB,42,12,OVERLOQUE CA AZUL BB,Finalizado,2026-04-02 17:48:36.104285+00,2026-04-02 17:48:51.676+00
Pesponto,BTCV010,AZUL BB,43,12,OVERLOQUE CA AZUL BB,Finalizado,2026-04-02 17:48:36.104285+00,2026-04-02 17:48:51.676+00
Pesponto,BTCV010,AZUL BB,44,8,OVERLOQUE CA AZUL BB,Finalizado,2026-04-02 17:48:36.104285+00,2026-04-02 17:48:51.676+00
Pesponto,BTCV010,AMARELO,39,12,OVERLOQUE CA AMARELO,Finalizado,2026-04-02 17:50:15.664855+00,2026-04-02 17:50:20.913+00
Pesponto,BTCV010,AMARELO,42,12,OVERLOQUE CA AMARELO,Finalizado,2026-04-02 17:50:15.664855+00,2026-04-02 17:50:20.913+00
Pesponto,BTCV010,AMARELO,43,12,OVERLOQUE CA AMARELO,Finalizado,2026-04-02 17:50:15.664855+00,2026-04-02 17:50:20.913+00
Pesponto,BTCV010,AMARELO,44,12,OVERLOQUE CA AMARELO,Finalizado,2026-04-02 17:50:15.664855+00,2026-04-02 17:50:20.913+00
Pesponto,BTCV010,AZUL TURQUESA,34,12,OVERLOQUE CA AZUL TURQUESA,Finalizado,2026-04-02 17:52:57.861514+00,2026-04-02 17:53:03.233+00
Pesponto,BTCV010,AZUL TURQUESA,35,12,OVERLOQUE CA AZUL TURQUESA,Finalizado,2026-04-02 17:52:57.861514+00,2026-04-02 17:53:03.233+00
Pesponto,BTCV010,AZUL TURQUESA,36,12,OVERLOQUE CA AZUL TURQUESA,Finalizado,2026-04-02 17:52:57.861514+00,2026-04-02 17:53:03.233+00
Pesponto,BTCV010,AZUL TURQUESA,37,12,OVERLOQUE CA AZUL TURQUESA,Finalizado,2026-04-02 17:52:57.861514+00,2026-04-02 17:53:03.233+00
Pesponto,BTCV010,AZUL TURQUESA,38,12,OVERLOQUE CA AZUL TURQUESA,Finalizado,2026-04-02 17:52:57.861514+00,2026-04-02 17:53:03.233+00
Pesponto,BTCV010,AZUL TURQUESA,39,12,OVERLOQUE CA AZUL TURQUESA,Finalizado,2026-04-02 17:52:57.861514+00,2026-04-02 17:53:03.233+00
Pesponto,BTCV010,AZUL MARINHO,34,24,OVERLOQUE CA AZUL MARINHO,Finalizado,2026-04-02 17:53:57.219949+00,2026-04-02 17:56:14.072+00
Pesponto,BTCV010,AZUL MARINHO,39,48,OVERLOQUE CA AZUL MARINHO,Finalizado,2026-04-02 17:53:57.219949+00,2026-04-02 17:56:14.072+00
Pesponto,BTCV010,AZUL MARINHO,40,48,OVERLOQUE CA AZUL MARINHO,Finalizado,2026-04-02 17:53:57.219949+00,2026-04-02 17:56:14.072+00
Pesponto,BTCV010,AZUL MARINHO,41,24,OVERLOQUE CA AZUL MARINHO,Finalizado,2026-04-02 17:53:57.219949+00,2026-04-02 17:56:14.072+00
Pesponto,BTCV010,AZUL MARINHO,42,12,OVERLOQUE CA AZUL MARINHO,Finalizado,2026-04-02 17:53:57.219949+00,2026-04-02 17:56:14.072+00
Pesponto,BTCV010,AZUL MARINHO,43,24,OVERLOQUE CA AZUL MARINHO,Finalizado,2026-04-02 17:53:57.219949+00,2026-04-02 17:56:14.072+00
Pesponto,BTCV010,AZUL MARINHO,44,24,OVERLOQUE CA AZUL MARINHO,Finalizado,2026-04-02 17:53:57.219949+00,2026-04-02 17:56:14.072+00
Pesponto,BTCV010,BRANCO,34,84,OVERLOQUE CA BRANCO,Finalizado,2026-04-02 17:55:25.496983+00,2026-04-02 17:56:18.332+00
Pesponto,BTCV010,BRANCO,35,72,OVERLOQUE CA BRANCO,Finalizado,2026-04-02 17:55:25.496983+00,2026-04-02 17:56:18.332+00
Pesponto,BTCV010,BRANCO,36,60,OVERLOQUE CA BRANCO,Finalizado,2026-04-02 17:55:25.496983+00,2026-04-02 17:56:18.332+00
Pesponto,BTCV010,BRANCO,37,96,OVERLOQUE CA BRANCO,Finalizado,2026-04-02 17:55:25.496983+00,2026-04-02 17:56:18.332+00
Pesponto,BTCV010,BRANCO,38,128,OVERLOQUE CA BRANCO,Finalizado,2026-04-02 17:55:25.496983+00,2026-04-02 17:56:18.332+00
Pesponto,BTCV010,BRANCO,39,120,OVERLOQUE CA BRANCO,Finalizado,2026-04-02 17:55:25.496983+00,2026-04-02 17:56:18.332+00
Pesponto,BTCV010,BRANCO,40,48,OVERLOQUE CA BRANCO,Finalizado,2026-04-02 17:55:25.496983+00,2026-04-02 17:56:18.332+00
Pesponto,BTCV010,BRANCO,41,48,OVERLOQUE CA BRANCO,Finalizado,2026-04-02 17:55:25.496983+00,2026-04-02 17:56:18.332+00
Pesponto,BTCV010,BRANCO,42,72,OVERLOQUE CA BRANCO,Finalizado,2026-04-02 17:55:25.496983+00,2026-04-02 17:56:18.332+00
Pesponto,BTCV010,BRANCO,43,72,OVERLOQUE CA BRANCO,Finalizado,2026-04-02 17:55:25.496983+00,2026-04-02 17:56:18.332+00
Pesponto,BTCV010,BEGE,34,60,OVERLOQUE  CA BEGE,Finalizado,2026-04-02 17:56:59.006203+00,2026-04-02 17:57:41.475+00
Pesponto,BTCV010,BEGE,38,60,OVERLOQUE  CA BEGE,Finalizado,2026-04-02 17:56:59.006203+00,2026-04-02 17:57:41.475+00
Pesponto,BTCV010,BEGE,39,60,OVERLOQUE  CA BEGE,Finalizado,2026-04-02 17:56:59.006203+00,2026-04-02 17:57:41.475+00
Pesponto,BTCV010,BEGE,40,24,OVERLOQUE  CA BEGE,Finalizado,2026-04-02 17:56:59.006203+00,2026-04-02 17:57:41.475+00
Pesponto,BTCV010,BEGE,41,24,OVERLOQUE  CA BEGE,Finalizado,2026-04-02 17:56:59.006203+00,2026-04-02 17:57:41.475+00
Pesponto,BTCV010,BEGE,42,60,OVERLOQUE  CA BEGE,Finalizado,2026-04-02 17:56:59.006203+00,2026-04-02 17:57:41.475+00
Pesponto,BTCV010,BEGE,43,24,OVERLOQUE  CA BEGE,Finalizado,2026-04-02 17:56:59.006203+00,2026-04-02 17:57:41.475+00
Pesponto,BTCV010,BEGE,44,12,OVERLOQUE  CA BEGE,Finalizado,2026-04-02 17:56:59.006203+00,2026-04-02 17:57:41.475+00
Pesponto,BTCV010,ALL BLACK,40,120,OVERLOQUE  CA BLACK,Finalizado,2026-04-02 17:57:35.768306+00,2026-04-02 17:57:43.342+00
Pesponto,BTCV010,ALL BLACK,41,24,OVERLOQUE  CA BLACK,Finalizado,2026-04-02 17:57:35.768306+00,2026-04-02 17:57:43.342+00
Pesponto,BTCV010,ALL BLACK,43,24,OVERLOQUE  CA BLACK,Finalizado,2026-04-02 17:57:35.768306+00,2026-04-02 17:57:43.342+00
Pesponto,BTCV010,BORDO,41,36,OVERLOQUE  CA BORDO,Finalizado,2026-04-02 17:58:11.76288+00,2026-04-02 17:59:42.952+00
Pesponto,BTCV010,BORDO,42,36,OVERLOQUE  CA BORDO,Finalizado,2026-04-02 17:58:11.76288+00,2026-04-02 17:59:42.952+00
Pesponto,BTCV010,BORDO,43,36,OVERLOQUE  CA BORDO,Finalizado,2026-04-02 17:58:11.76288+00,2026-04-02 17:59:42.952+00
Pesponto,BTCV010,BORDO,44,24,OVERLOQUE  CA BORDO,Finalizado,2026-04-02 17:58:11.76288+00,2026-04-02 17:59:42.952+00
Pesponto,BTCV010,CINZA,34,12,OVERLOQUE  CA CINZA,Finalizado,2026-04-02 17:58:51.690937+00,2026-04-02 17:59:46.467+00
Pesponto,BTCV010,CINZA,35,36,OVERLOQUE  CA CINZA,Finalizado,2026-04-02 17:58:51.690937+00,2026-04-02 17:59:46.467+00
Pesponto,BTCV010,CINZA,36,12,OVERLOQUE  CA CINZA,Finalizado,2026-04-02 17:58:51.690937+00,2026-04-02 17:59:46.467+00
Pesponto,BTCV010,CINZA,40,36,OVERLOQUE  CA CINZA,Finalizado,2026-04-02 17:58:51.690937+00,2026-04-02 17:59:46.467+00
Pesponto,BTCV010,CINZA,42,24,OVERLOQUE  CA CINZA,Finalizado,2026-04-02 17:58:51.690937+00,2026-04-02 17:59:46.467+00
Pesponto,BTCV010,CINZA,43,24,OVERLOQUE  CA CINZA,Finalizado,2026-04-02 17:58:51.690937+00,2026-04-02 17:59:46.467+00
Pesponto,BTCV010,CINZA,44,12,OVERLOQUE  CA CINZA,Finalizado,2026-04-02 17:58:51.690937+00,2026-04-02 17:59:46.467+00
Pesponto,BTCV010,LÍLÁS,34,21,OVERLOQUE  CA LILAS,Finalizado,2026-04-02 17:59:36.734277+00,2026-04-02 17:59:49.013+00
Pesponto,BTCV010,LÍLÁS,35,12,OVERLOQUE  CA LILAS,Finalizado,2026-04-02 17:59:36.734277+00,2026-04-02 17:59:49.013+00
Pesponto,BTCV010,LÍLÁS,36,24,OVERLOQUE  CA LILAS,Finalizado,2026-04-02 17:59:36.734277+00,2026-04-02 17:59:49.013+00
Pesponto,BTCV010,LÍLÁS,37,24,OVERLOQUE  CA LILAS,Finalizado,2026-04-02 17:59:36.734277+00,2026-04-02 17:59:49.013+00
Pesponto,BTCV010,LÍLÁS,38,24,OVERLOQUE  CA LILAS,Finalizado,2026-04-02 17:59:36.734277+00,2026-04-02 17:59:49.013+00
Pesponto,BTCV010,LÍLÁS,39,12,OVERLOQUE  CA LILAS,Finalizado,2026-04-02 17:59:36.734277+00,2026-04-02 17:59:49.013+00
Pesponto,BTCV010,LÍLÁS,40,12,OVERLOQUE  CA LILAS,Finalizado,2026-04-02 17:59:36.734277+00,2026-04-02 17:59:49.013+00
Pesponto,BTCV010,LÍLÁS,41,8,OVERLOQUE  CA LILAS,Finalizado,2026-04-02 17:59:36.734277+00,2026-04-02 17:59:49.013+00
Pesponto,BTCV010,LÍLÁS,42,8,OVERLOQUE  CA LILAS,Finalizado,2026-04-02 17:59:36.734277+00,2026-04-02 17:59:49.013+00
Pesponto,BTCV010,LÍLÁS,43,12,OVERLOQUE  CA LILAS,Finalizado,2026-04-02 17:59:36.734277+00,2026-04-02 17:59:49.013+00
Pesponto,BTCV010,LÍLÁS,44,40,OVERLOQUE  CA LILAS,Finalizado,2026-04-02 17:59:36.734277+00,2026-04-02 17:59:49.013+00
Pesponto,BTCV010,MARROM,34,12,OVERLOQUE  CA MARROM,Finalizado,2026-04-02 18:00:32.385608+00,2026-04-02 18:19:24.576+00
Pesponto,BTCV010,MARROM,35,48,OVERLOQUE  CA MARROM,Finalizado,2026-04-02 18:00:32.385608+00,2026-04-02 18:19:24.576+00
Pesponto,BTCV010,MARROM,36,60,OVERLOQUE  CA MARROM,Finalizado,2026-04-02 18:00:32.385608+00,2026-04-02 18:19:24.576+00
Pesponto,BTCV010,MARROM,37,72,OVERLOQUE  CA MARROM,Finalizado,2026-04-02 18:00:32.385608+00,2026-04-02 18:19:24.576+00
Pesponto,BTCV010,MARROM,38,60,OVERLOQUE  CA MARROM,Finalizado,2026-04-02 18:00:32.385608+00,2026-04-02 18:19:24.576+00
Pesponto,BTCV010,MARROM,39,60,OVERLOQUE  CA MARROM,Finalizado,2026-04-02 18:00:32.385608+00,2026-04-02 18:19:24.576+00
Pesponto,BTCV010,MARROM,40,68,OVERLOQUE  CA MARROM,Finalizado,2026-04-02 18:00:32.385608+00,2026-04-02 18:19:24.576+00
Pesponto,BTCV010,MARROM,41,48,OVERLOQUE  CA MARROM,Finalizado,2026-04-02 18:00:32.385608+00,2026-04-02 18:19:24.576+00
Pesponto,BTCV010,MARROM,42,60,OVERLOQUE  CA MARROM,Finalizado,2026-04-02 18:00:32.385608+00,2026-04-02 18:19:24.576+00
Pesponto,BTCV010,MARROM,43,48,OVERLOQUE  CA MARROM,Finalizado,2026-04-02 18:00:32.385608+00,2026-04-02 18:19:24.576+00
Pesponto,BTCV010,MARROM,44,24,OVERLOQUE  CA MARROM,Finalizado,2026-04-02 18:00:32.385608+00,2026-04-02 18:19:24.576+00
Pesponto,BTCV010,PINK,34,12,OVERLOQUE  CA PINK,Finalizado,2026-04-02 18:02:17.526578+00,2026-04-02 18:19:26.958+00
Pesponto,BTCV010,PINK,35,12,OVERLOQUE  CA PINK,Finalizado,2026-04-02 18:02:17.526578+00,2026-04-02 18:19:26.958+00
Pesponto,BTCV010,PINK,36,12,OVERLOQUE  CA PINK,Finalizado,2026-04-02 18:02:17.526578+00,2026-04-02 18:19:26.958+00
Pesponto,BTCV010,PINK,37,12,OVERLOQUE  CA PINK,Finalizado,2026-04-02 18:02:17.526578+00,2026-04-02 18:19:26.958+00
Pesponto,BTCV010,PINK,38,12,OVERLOQUE  CA PINK,Finalizado,2026-04-02 18:02:17.526578+00,2026-04-02 18:19:26.958+00
Pesponto,BTCV010,PINK,39,24,OVERLOQUE  CA PINK,Finalizado,2026-04-02 18:02:17.526578+00,2026-04-02 18:19:26.958+00
Pesponto,BTCV010,PINK,40,12,OVERLOQUE  CA PINK,Finalizado,2026-04-02 18:02:17.526578+00,2026-04-02 18:19:26.958+00
Pesponto,BTCV010,PRETO,34,12,OVERLOQUE  CA PRETO 2,Finalizado,2026-04-02 18:02:48.705889+00,2026-04-02 18:19:29.834+00
Pesponto,BTCV010,PRETO,35,24,OVERLOQUE  CA PRETO 2,Finalizado,2026-04-02 18:02:48.705889+00,2026-04-02 18:19:29.834+00
Pesponto,BTCV010,PRETO,36,24,OVERLOQUE  CA PRETO 2,Finalizado,2026-04-02 18:02:48.705889+00,2026-04-02 18:19:29.834+00
Pesponto,BTCV010,PRETO,37,24,OVERLOQUE  CA PRETO 2,Finalizado,2026-04-02 18:02:48.705889+00,2026-04-02 18:19:29.834+00
Pesponto,BTCV010,PRETO,38,24,OVERLOQUE  CA PRETO 2,Finalizado,2026-04-02 18:02:48.705889+00,2026-04-02 18:19:29.834+00
Pesponto,BTCV010,PRETO,39,24,OVERLOQUE  CA PRETO 2,Finalizado,2026-04-02 18:02:48.705889+00,2026-04-02 18:19:29.834+00
Pesponto,BTCV010,PRETO,40,108,OVERLOQUE  CA PRETO 2,Finalizado,2026-04-02 18:02:48.705889+00,2026-04-02 18:19:29.834+00
Pesponto,BTCV010,PRETO,41,60,OVERLOQUE  CA PRETO 2,Finalizado,2026-04-02 18:02:48.705889+00,2026-04-02 18:19:29.834+00
Pesponto,BTCV010,PRETO,42,60,OVERLOQUE  CA PRETO 2,Finalizado,2026-04-02 18:02:48.705889+00,2026-04-02 18:19:29.834+00
Pesponto,BTCV010,PRETO,43,161,OVERLOQUE  CA PRETO 2,Finalizado,2026-04-02 18:02:48.705889+00,2026-04-02 18:19:29.834+00
Pesponto,BTCV010,PRETO,44,36,OVERLOQUE  CA PRETO 2,Finalizado,2026-04-02 18:02:48.705889+00,2026-04-02 18:19:29.834+00
Pesponto,BTCV010,ROSA BB,34,12,OVERLOQUE  CA ROSA BB,Finalizado,2026-04-02 18:03:55.548241+00,2026-04-02 18:19:33.133+00
Pesponto,BTCV010,ROSA BB,35,12,OVERLOQUE  CA ROSA BB,Finalizado,2026-04-02 18:03:55.548241+00,2026-04-02 18:19:33.133+00
Pesponto,BTCV010,ROSA BB,36,12,OVERLOQUE  CA ROSA BB,Finalizado,2026-04-02 18:03:55.548241+00,2026-04-02 18:19:33.133+00
Pesponto,BTCV010,ROSA BB,37,12,OVERLOQUE  CA ROSA BB,Finalizado,2026-04-02 18:03:55.548241+00,2026-04-02 18:19:33.133+00
Pesponto,BTCV010,ROSA BB,38,12,OVERLOQUE  CA ROSA BB,Finalizado,2026-04-02 18:03:55.548241+00,2026-04-02 18:19:33.133+00
Pesponto,BTCV010,ROSA BB,39,12,OVERLOQUE  CA ROSA BB,Finalizado,2026-04-02 18:03:55.548241+00,2026-04-02 18:19:33.133+00
Pesponto,BTCV010,ROSA BB,40,12,OVERLOQUE  CA ROSA BB,Finalizado,2026-04-02 18:03:55.548241+00,2026-04-02 18:19:33.133+00
Pesponto,BTCV010,ROSA BB,41,12,OVERLOQUE  CA ROSA BB,Finalizado,2026-04-02 18:03:55.548241+00,2026-04-02 18:19:33.133+00
Pesponto,BTCV010,ROSA BB,42,5,OVERLOQUE  CA ROSA BB,Finalizado,2026-04-02 18:03:55.548241+00,2026-04-02 18:19:33.133+00
Pesponto,BTCV010,ROSA BB,43,8,OVERLOQUE  CA ROSA BB,Finalizado,2026-04-02 18:03:55.548241+00,2026-04-02 18:19:33.133+00
Pesponto,BTCV010,TERRACOTA,34,12,OVERLOQUE  CA TERRACOTA,Finalizado,2026-04-02 18:04:28.657089+00,2026-04-02 18:19:36.683+00
Pesponto,BTCV010,TERRACOTA,35,12,OVERLOQUE  CA TERRACOTA,Finalizado,2026-04-02 18:04:28.657089+00,2026-04-02 18:19:36.683+00
Pesponto,BTCV010,TERRACOTA,36,12,OVERLOQUE  CA TERRACOTA,Finalizado,2026-04-02 18:04:28.657089+00,2026-04-02 18:19:36.683+00
Pesponto,BTCV010,TERRACOTA,37,12,OVERLOQUE  CA TERRACOTA,Finalizado,2026-04-02 18:04:28.657089+00,2026-04-02 18:19:36.683+00
Pesponto,BTCV010,TERRACOTA,38,12,OVERLOQUE  CA TERRACOTA,Finalizado,2026-04-02 18:04:28.657089+00,2026-04-02 18:19:36.683+00
Pesponto,BTCV010,TERRACOTA,39,12,OVERLOQUE  CA TERRACOTA,Finalizado,2026-04-02 18:04:28.657089+00,2026-04-02 18:19:36.683+00
Pesponto,BTCV010,TERRACOTA,40,12,OVERLOQUE  CA TERRACOTA,Finalizado,2026-04-02 18:04:28.657089+00,2026-04-02 18:19:36.683+00
Pesponto,BTCV010,TERRACOTA,41,12,OVERLOQUE  CA TERRACOTA,Finalizado,2026-04-02 18:04:28.657089+00,2026-04-02 18:19:36.683+00
Pesponto,BTCV010,TERRACOTA,42,12,OVERLOQUE  CA TERRACOTA,Finalizado,2026-04-02 18:04:28.657089+00,2026-04-02 18:19:36.683+00
Pesponto,BTCV010,TERRACOTA,43,12,OVERLOQUE  CA TERRACOTA,Finalizado,2026-04-02 18:04:28.657089+00,2026-04-02 18:19:36.683+00
Pesponto,BTCV010,TERRACOTA,44,12,OVERLOQUE  CA TERRACOTA,Finalizado,2026-04-02 18:04:28.657089+00,2026-04-02 18:19:36.683+00
Pesponto,BTCV010,VERMELHO,34,24,OVERLOQUE  CA VERMELHO,Finalizado,2026-04-02 18:05:01.015436+00,2026-04-02 18:19:39.99+00
Pesponto,BTCV010,VERMELHO,35,24,OVERLOQUE  CA VERMELHO,Finalizado,2026-04-02 18:05:01.015436+00,2026-04-02 18:19:39.99+00
Pesponto,BTCV010,VERMELHO,36,36,OVERLOQUE  CA VERMELHO,Finalizado,2026-04-02 18:05:01.015436+00,2026-04-02 18:19:39.99+00
Pesponto,BTCV010,VERMELHO,37,36,OVERLOQUE  CA VERMELHO,Finalizado,2026-04-02 18:05:01.015436+00,2026-04-02 18:19:39.99+00
Pesponto,BTCV010,VERMELHO,38,24,OVERLOQUE  CA VERMELHO,Finalizado,2026-04-02 18:05:01.015436+00,2026-04-02 18:19:39.99+00
Pesponto,BTCV010,VERMELHO,39,24,OVERLOQUE  CA VERMELHO,Finalizado,2026-04-02 18:05:01.015436+00,2026-04-02 18:19:39.99+00
Pesponto,BTCV010,VERMELHO,40,24,OVERLOQUE  CA VERMELHO,Finalizado,2026-04-02 18:05:01.015436+00,2026-04-02 18:19:39.99+00
Pesponto,BTCV010,VERMELHO,41,24,OVERLOQUE  CA VERMELHO,Finalizado,2026-04-02 18:05:01.015436+00,2026-04-02 18:19:39.99+00
Pesponto,BTCV010,VERMELHO,42,24,OVERLOQUE  CA VERMELHO,Finalizado,2026-04-02 18:05:01.015436+00,2026-04-02 18:19:39.99+00
Pesponto,BTCV010,VERMELHO,43,35,OVERLOQUE  CA VERMELHO,Finalizado,2026-04-02 18:05:01.015436+00,2026-04-02 18:19:39.99+00
Pesponto,BTCV010,VERMELHO,44,12,OVERLOQUE  CA VERMELHO,Finalizado,2026-04-02 18:05:01.015436+00,2026-04-02 18:19:39.99+00
Pesponto,CRVTNCV,ALL BLACK,35,41,OVERLOQUE  COURINO ALL BLACK,Finalizado,2026-04-02 18:05:34.844769+00,2026-04-02 18:19:44.63+00
Pesponto,CRVTNCV,ALL BLACK,36,28,OVERLOQUE  COURINO ALL BLACK,Finalizado,2026-04-02 18:05:34.844769+00,2026-04-02 18:19:44.63+00
Pesponto,CRVTNCV,ALL BLACK,37,41,OVERLOQUE  COURINO ALL BLACK,Finalizado,2026-04-02 18:05:34.844769+00,2026-04-02 18:19:44.63+00
Pesponto,CRVTNCV,ALL BLACK,38,36,OVERLOQUE  COURINO ALL BLACK,Finalizado,2026-04-02 18:05:34.844769+00,2026-04-02 18:19:44.63+00
Pesponto,CRVTNCV,ALL BLACK,43,54,OVERLOQUE  COURINO ALL BLACK,Finalizado,2026-04-02 18:05:34.844769+00,2026-04-02 18:19:44.63+00
Pesponto,CRVTNCV,ALL BLACK,44,24,OVERLOQUE  COURINO ALL BLACK,Finalizado,2026-04-02 18:05:34.844769+00,2026-04-02 18:19:44.63+00
Pesponto,CRVTNCV,CARAMELO,34,40,OVERLOQUE COURINO CARAMELO,Finalizado,2026-04-02 18:06:58.027565+00,2026-04-02 18:20:02.868+00
Pesponto,CRVTNCV,CARAMELO,35,24,OVERLOQUE COURINO CARAMELO,Finalizado,2026-04-02 18:06:58.027565+00,2026-04-02 18:20:02.868+00
Pesponto,CRVTNCV,CARAMELO,36,36,OVERLOQUE COURINO CARAMELO,Finalizado,2026-04-02 18:06:58.027565+00,2026-04-02 18:20:02.868+00
Pesponto,CRVTNCV,CARAMELO,37,36,OVERLOQUE COURINO CARAMELO,Finalizado,2026-04-02 18:06:58.027565+00,2026-04-02 18:20:02.868+00
Pesponto,CRVTNCV,CARAMELO,38,24,OVERLOQUE COURINO CARAMELO,Finalizado,2026-04-02 18:06:58.027565+00,2026-04-02 18:20:02.868+00
Pesponto,CRVTNCV,CARAMELO,39,24,OVERLOQUE COURINO CARAMELO,Finalizado,2026-04-02 18:06:58.027565+00,2026-04-02 18:20:02.868+00
Pesponto,CRVTNCV,CARAMELO,40,24,OVERLOQUE COURINO CARAMELO,Finalizado,2026-04-02 18:06:58.027565+00,2026-04-02 18:20:02.868+00
Pesponto,CRVTNCV,CARAMELO,41,60,OVERLOQUE COURINO CARAMELO,Finalizado,2026-04-02 18:06:58.027565+00,2026-04-02 18:20:02.868+00
Pesponto,CRVTNCV,CARAMELO,42,24,OVERLOQUE COURINO CARAMELO,Finalizado,2026-04-02 18:06:58.027565+00,2026-04-02 18:20:02.868+00
Pesponto,CRVTNCV,CARAMELO,43,24,OVERLOQUE COURINO CARAMELO,Finalizado,2026-04-02 18:06:58.027565+00,2026-04-02 18:20:02.868+00
Pesponto,CRVTNCV,CARAMELO,44,24,OVERLOQUE COURINO CARAMELO,Finalizado,2026-04-02 18:06:58.027565+00,2026-04-02 18:20:02.868+00
Pesponto,TNCV010,AZUL BB,37,12,OVERLOQUE CB AZUL BB,Finalizado,2026-04-02 18:07:48.822746+00,2026-04-02 18:20:05.858+00
Pesponto,TNCV010,AZUL BB,38,12,OVERLOQUE CB AZUL BB,Finalizado,2026-04-02 18:07:48.822746+00,2026-04-02 18:20:05.858+00
Pesponto,TNCV010,AZUL BB,39,12,OVERLOQUE CB AZUL BB,Finalizado,2026-04-02 18:07:48.822746+00,2026-04-02 18:20:05.858+00
Pesponto,TNCV010,AZUL BB,40,12,OVERLOQUE CB AZUL BB,Finalizado,2026-04-02 18:07:48.822746+00,2026-04-02 18:20:05.858+00
Pesponto,TNCV010,AZUL BB,41,11,OVERLOQUE CB AZUL BB,Finalizado,2026-04-02 18:07:48.822746+00,2026-04-02 18:20:05.858+00
Pesponto,TNCV010,AZUL BB,43,12,OVERLOQUE CB AZUL BB,Finalizado,2026-04-02 18:07:48.822746+00,2026-04-02 18:20:05.858+00
Pesponto,TNCV010,AZUL BB,44,12,OVERLOQUE CB AZUL BB,Finalizado,2026-04-02 18:07:48.822746+00,2026-04-02 18:20:05.858+00
Pesponto,TNCV010,AMARELO,34,22,OVERLOQUE CB AMARELO,Finalizado,2026-04-02 18:08:30.709168+00,2026-04-02 18:20:08.414+00
Pesponto,TNCV010,AMARELO,35,21,OVERLOQUE CB AMARELO,Finalizado,2026-04-02 18:08:30.709168+00,2026-04-02 18:20:08.414+00
Pesponto,TNCV010,AMARELO,36,16,OVERLOQUE CB AMARELO,Finalizado,2026-04-02 18:08:30.709168+00,2026-04-02 18:20:08.414+00
Pesponto,TNCV010,AMARELO,37,7,OVERLOQUE CB AMARELO,Finalizado,2026-04-02 18:08:30.709168+00,2026-04-02 18:20:08.414+00
Pesponto,TNCV010,AMARELO,38,15,OVERLOQUE CB AMARELO,Finalizado,2026-04-02 18:08:30.709168+00,2026-04-02 18:20:08.414+00
Pesponto,TNCV010,AMARELO,39,21,OVERLOQUE CB AMARELO,Finalizado,2026-04-02 18:08:30.709168+00,2026-04-02 18:20:08.414+00
Pesponto,TNCV010,AMARELO,40,24,OVERLOQUE CB AMARELO,Finalizado,2026-04-02 18:08:30.709168+00,2026-04-02 18:20:08.414+00
Pesponto,TNCV010,AMARELO,41,24,OVERLOQUE CB AMARELO,Finalizado,2026-04-02 18:08:30.709168+00,2026-04-02 18:20:08.414+00
Pesponto,TNCV010,AMARELO,42,24,OVERLOQUE CB AMARELO,Finalizado,2026-04-02 18:08:30.709168+00,2026-04-02 18:20:08.414+00
Pesponto,TNCV010,AMARELO,43,24,OVERLOQUE CB AMARELO,Finalizado,2026-04-02 18:08:30.709168+00,2026-04-02 18:20:08.414+00
Pesponto,TNCV010,AZUL TURQUESA,34,12,OVERLOQUE CB AZUL TURQUESA,Finalizado,2026-04-02 18:08:56.996663+00,2026-04-02 18:20:10.673+00
Pesponto,TNCV010,AZUL TURQUESA,35,12,OVERLOQUE CB AZUL TURQUESA,Finalizado,2026-04-02 18:08:56.996663+00,2026-04-02 18:20:10.673+00
Pesponto,TNCV010,AZUL TURQUESA,36,12,OVERLOQUE CB AZUL TURQUESA,Finalizado,2026-04-02 18:08:56.996663+00,2026-04-02 18:20:10.673+00
Pesponto,TNCV010,AZUL TURQUESA,37,12,OVERLOQUE CB AZUL TURQUESA,Finalizado,2026-04-02 18:08:56.996663+00,2026-04-02 18:20:10.673+00
Pesponto,TNCV010,AZUL TURQUESA,38,12,OVERLOQUE CB AZUL TURQUESA,Finalizado,2026-04-02 18:08:56.996663+00,2026-04-02 18:20:10.673+00
Pesponto,TNCV010,AZUL TURQUESA,39,12,OVERLOQUE CB AZUL TURQUESA,Finalizado,2026-04-02 18:08:56.996663+00,2026-04-02 18:20:10.673+00
Pesponto,TNCV010,AZUL TURQUESA,40,12,OVERLOQUE CB AZUL TURQUESA,Finalizado,2026-04-02 18:08:56.996663+00,2026-04-02 18:20:10.673+00
Pesponto,TNCV010,AZUL TURQUESA,41,12,OVERLOQUE CB AZUL TURQUESA,Finalizado,2026-04-02 18:08:56.996663+00,2026-04-02 18:20:10.673+00
Pesponto,TNCV010,AZUL TURQUESA,42,12,OVERLOQUE CB AZUL TURQUESA,Finalizado,2026-04-02 18:08:56.996663+00,2026-04-02 18:20:10.673+00
Pesponto,TNCV010,AZUL MARINHO,34,8,OVERLOQUE CB AZUL MARINHO,Finalizado,2026-04-02 18:09:38.031921+00,2026-04-02 18:20:13.409+00
Pesponto,TNCV010,AZUL MARINHO,35,12,OVERLOQUE CB AZUL MARINHO,Finalizado,2026-04-02 18:09:38.031921+00,2026-04-02 18:20:13.409+00
Pesponto,TNCV010,AZUL MARINHO,36,48,OVERLOQUE CB AZUL MARINHO,Finalizado,2026-04-02 18:09:38.031921+00,2026-04-02 18:20:13.409+00
Pesponto,TNCV010,AZUL MARINHO,37,48,OVERLOQUE CB AZUL MARINHO,Finalizado,2026-04-02 18:09:38.031921+00,2026-04-02 18:20:13.409+00
Pesponto,TNCV010,AZUL MARINHO,38,12,OVERLOQUE CB AZUL MARINHO,Finalizado,2026-04-02 18:09:38.031921+00,2026-04-02 18:20:13.409+00
Pesponto,TNCV010,AZUL MARINHO,40,2,OVERLOQUE CB AZUL MARINHO,Finalizado,2026-04-02 18:09:38.031921+00,2026-04-02 18:20:13.409+00
Pesponto,TNCV010,AZUL MARINHO,41,2,OVERLOQUE CB AZUL MARINHO,Finalizado,2026-04-02 18:09:38.031921+00,2026-04-02 18:20:13.409+00
Pesponto,TNCV010,AZUL MARINHO,42,36,OVERLOQUE CB AZUL MARINHO,Finalizado,2026-04-02 18:09:38.031921+00,2026-04-02 18:20:13.409+00
Pesponto,TNCV010,AZUL MARINHO,43,35,OVERLOQUE CB AZUL MARINHO,Finalizado,2026-04-02 18:09:38.031921+00,2026-04-02 18:20:13.409+00
Pesponto,TNCV010,AZUL MARINHO,44,12,OVERLOQUE CB AZUL MARINHO,Finalizado,2026-04-02 18:09:38.031921+00,2026-04-02 18:20:13.409+00
Pesponto,TNCV010,BRANCO,34,36,OVERLOQUE CB BRANCO,Finalizado,2026-04-02 18:10:08.056065+00,2026-04-02 18:19:19.746+00
Pesponto,TNCV010,BRANCO,35,48,OVERLOQUE CB BRANCO,Finalizado,2026-04-02 18:10:08.056065+00,2026-04-02 18:19:19.746+00
Pesponto,TNCV010,BRANCO,36,48,OVERLOQUE CB BRANCO,Finalizado,2026-04-02 18:10:08.056065+00,2026-04-02 18:19:19.746+00
Pesponto,TNCV010,BRANCO,37,60,OVERLOQUE CB BRANCO,Finalizado,2026-04-02 18:10:08.056065+00,2026-04-02 18:19:19.746+00
Pesponto,TNCV010,BRANCO,38,36,OVERLOQUE CB BRANCO,Finalizado,2026-04-02 18:10:08.056065+00,2026-04-02 18:19:19.746+00
Pesponto,TNCV010,BRANCO,39,48,OVERLOQUE CB BRANCO,Finalizado,2026-04-02 18:10:08.056065+00,2026-04-02 18:19:19.746+00
Pesponto,TNCV010,BRANCO,40,24,OVERLOQUE CB BRANCO,Finalizado,2026-04-02 18:10:08.056065+00,2026-04-02 18:19:19.746+00
Pesponto,TNCV010,BRANCO,41,36,OVERLOQUE CB BRANCO,Finalizado,2026-04-02 18:10:08.056065+00,2026-04-02 18:19:19.746+00
Pesponto,TNCV010,BRANCO,42,67,OVERLOQUE CB BRANCO,Finalizado,2026-04-02 18:10:08.056065+00,2026-04-02 18:19:19.746+00
Pesponto,TNCV010,BRANCO,43,60,OVERLOQUE CB BRANCO,Finalizado,2026-04-02 18:10:08.056065+00,2026-04-02 18:19:19.746+00
Pesponto,TNCV010,BRANCO,44,48,OVERLOQUE CB BRANCO,Finalizado,2026-04-02 18:10:08.056065+00,2026-04-02 18:19:19.746+00
Pesponto,TNCV010,BEGE,34,34,OVERLOQUE CB BEGE,Finalizado,2026-04-02 18:10:47.702309+00,2026-04-02 18:20:20.194+00
Pesponto,TNCV010,BEGE,39,24,OVERLOQUE CB BEGE,Finalizado,2026-04-02 18:10:47.702309+00,2026-04-02 18:20:20.194+00
Pesponto,TNCV010,BEGE,40,36,OVERLOQUE CB BEGE,Finalizado,2026-04-02 18:10:47.702309+00,2026-04-02 18:20:20.194+00
Pesponto,TNCV010,BEGE,41,36,OVERLOQUE CB BEGE,Finalizado,2026-04-02 18:10:47.702309+00,2026-04-02 18:20:20.194+00
Pesponto,TNCV010,BEGE,42,35,OVERLOQUE CB BEGE,Finalizado,2026-04-02 18:10:47.702309+00,2026-04-02 18:20:20.194+00
Pesponto,TNCV010,BEGE,43,36,OVERLOQUE CB BEGE,Finalizado,2026-04-02 18:10:47.702309+00,2026-04-02 18:20:20.194+00
Pesponto,TNCV010,BEGE,44,12,OVERLOQUE CB BEGE,Finalizado,2026-04-02 18:10:47.702309+00,2026-04-02 18:20:20.194+00
Pesponto,TNCV010,ALL BLACK,34,31,OVERLOQUE CB ALL BLACK,Finalizado,2026-04-02 18:11:28.111369+00,2026-04-02 18:19:15.55+00
Pesponto,TNCV010,ALL BLACK,35,78,OVERLOQUE CB ALL BLACK,Finalizado,2026-04-02 18:11:28.111369+00,2026-04-02 18:19:15.55+00
Pesponto,TNCV010,ALL BLACK,36,102,OVERLOQUE CB ALL BLACK,Finalizado,2026-04-02 18:11:28.111369+00,2026-04-02 18:19:15.55+00
Pesponto,TNCV010,ALL BLACK,37,25,OVERLOQUE CB ALL BLACK,Finalizado,2026-04-02 18:11:28.111369+00,2026-04-02 18:19:15.55+00
Pesponto,TNCV010,ALL BLACK,38,50,OVERLOQUE CB ALL BLACK,Finalizado,2026-04-02 18:11:28.111369+00,2026-04-02 18:19:15.55+00
Pesponto,TNCV010,ALL BLACK,39,63,OVERLOQUE CB ALL BLACK,Finalizado,2026-04-02 18:11:28.111369+00,2026-04-02 18:19:15.55+00
Pesponto,TNCV010,ALL BLACK,40,24,OVERLOQUE CB ALL BLACK,Finalizado,2026-04-02 18:11:28.111369+00,2026-04-02 18:19:15.55+00
Pesponto,TNCV010,ALL BLACK,41,24,OVERLOQUE CB ALL BLACK,Finalizado,2026-04-02 18:11:28.111369+00,2026-04-02 18:19:15.55+00
Pesponto,TNCV010,ALL BLACK,42,24,OVERLOQUE CB ALL BLACK,Finalizado,2026-04-02 18:11:28.111369+00,2026-04-02 18:19:15.55+00
Pesponto,TNCV010,ALL BLACK,43,12,OVERLOQUE CB ALL BLACK,Finalizado,2026-04-02 18:11:28.111369+00,2026-04-02 18:19:15.55+00
Pesponto,TNCV010,LILAS,34,11,OVERLOQUE CB LILAS,Finalizado,2026-04-02 18:12:10.301183+00,2026-04-02 18:19:12.516+00
Pesponto,TNCV010,LILAS,35,24,OVERLOQUE CB LILAS,Finalizado,2026-04-02 18:12:10.301183+00,2026-04-02 18:19:12.516+00
Pesponto,TNCV010,LILAS,39,23,OVERLOQUE CB LILAS,Finalizado,2026-04-02 18:12:10.301183+00,2026-04-02 18:19:12.516+00
Pesponto,TNCV010,LILAS,40,8,OVERLOQUE CB LILAS,Finalizado,2026-04-02 18:12:10.301183+00,2026-04-02 18:19:12.516+00
Pesponto,TNCV010,LILAS,41,12,OVERLOQUE CB LILAS,Finalizado,2026-04-02 18:12:10.301183+00,2026-04-02 18:19:12.516+00
Pesponto,TNCV010,LILAS,42,10,OVERLOQUE CB LILAS,Finalizado,2026-04-02 18:12:10.301183+00,2026-04-02 18:19:12.516+00
Pesponto,TNCV010,LILAS,43,12,OVERLOQUE CB LILAS,Finalizado,2026-04-02 18:12:10.301183+00,2026-04-02 18:19:12.516+00
Pesponto,TNCV010,MILITAR,34,24,OVERLOQUE CB MILITAR,Finalizado,2026-04-02 18:12:37.176762+00,2026-04-02 18:19:10.03+00
Pesponto,TNCV010,MILITAR,35,38,OVERLOQUE CB MILITAR,Finalizado,2026-04-02 18:12:37.176762+00,2026-04-02 18:19:10.03+00
Pesponto,TNCV010,MILITAR,36,36,OVERLOQUE CB MILITAR,Finalizado,2026-04-02 18:12:37.176762+00,2026-04-02 18:19:10.03+00
Pesponto,TNCV010,MILITAR,37,36,OVERLOQUE CB MILITAR,Finalizado,2026-04-02 18:12:37.176762+00,2026-04-02 18:19:10.03+00
Pesponto,TNCV010,MILITAR,38,24,OVERLOQUE CB MILITAR,Finalizado,2026-04-02 18:12:37.176762+00,2026-04-02 18:19:10.03+00
Pesponto,TNCV010,MILITAR,39,24,OVERLOQUE CB MILITAR,Finalizado,2026-04-02 18:12:37.176762+00,2026-04-02 18:19:10.03+00
Pesponto,TNCV010,MILITAR,40,24,OVERLOQUE CB MILITAR,Finalizado,2026-04-02 18:12:37.176762+00,2026-04-02 18:19:10.03+00
Pesponto,TNCV010,MILITAR,41,24,OVERLOQUE CB MILITAR,Finalizado,2026-04-02 18:12:37.176762+00,2026-04-02 18:19:10.03+00
Pesponto,TNCV010,MILITAR,42,42,OVERLOQUE CB MILITAR,Finalizado,2026-04-02 18:12:37.176762+00,2026-04-02 18:19:10.03+00
Pesponto,TNCV010,MILITAR,43,36,OVERLOQUE CB MILITAR,Finalizado,2026-04-02 18:12:37.176762+00,2026-04-02 18:19:10.03+00
Pesponto,TNCV010,MILITAR,44,24,OVERLOQUE CB MILITAR,Finalizado,2026-04-02 18:12:37.176762+00,2026-04-02 18:19:10.03+00
Pesponto,TNCV010,MARROM,34,24,OVERLOQUE CB MARROM,Finalizado,2026-04-02 18:12:58.392643+00,2026-04-02 18:19:07.465+00
Pesponto,TNCV010,MARROM,38,24,OVERLOQUE CB MARROM,Finalizado,2026-04-02 18:12:58.392643+00,2026-04-02 18:19:07.465+00
Pesponto,TNCV010,MARROM,39,24,OVERLOQUE CB MARROM,Finalizado,2026-04-02 18:12:58.392643+00,2026-04-02 18:19:07.465+00
Pesponto,TNCV010,MARROM,40,24,OVERLOQUE CB MARROM,Finalizado,2026-04-02 18:12:58.392643+00,2026-04-02 18:19:07.465+00
Pesponto,TNCV010,MARROM,41,24,OVERLOQUE CB MARROM,Finalizado,2026-04-02 18:12:58.392643+00,2026-04-02 18:19:07.465+00
Pesponto,TNCV010,MARROM,42,24,OVERLOQUE CB MARROM,Finalizado,2026-04-02 18:12:58.392643+00,2026-04-02 18:19:07.465+00
Pesponto,TNCV010,MARROM,43,12,OVERLOQUE CB MARROM,Finalizado,2026-04-02 18:12:58.392643+00,2026-04-02 18:19:07.465+00
Pesponto,TNCV010,MARROM,44,12,OVERLOQUE CB MARROM,Finalizado,2026-04-02 18:12:58.392643+00,2026-04-02 18:19:07.465+00
Pesponto,TNCV010,ONCA,34,23,OVERLOQUE CB ONÇA,Finalizado,2026-04-02 18:13:41.56258+00,2026-04-02 18:19:05.171+00
Pesponto,TNCV010,ONCA,35,24,OVERLOQUE CB ONÇA,Finalizado,2026-04-02 18:13:41.56258+00,2026-04-02 18:19:05.171+00
Pesponto,TNCV010,ONCA,36,22,OVERLOQUE CB ONÇA,Finalizado,2026-04-02 18:13:41.56258+00,2026-04-02 18:19:05.171+00
Pesponto,TNCV010,ONCA,38,24,OVERLOQUE CB ONÇA,Finalizado,2026-04-02 18:13:41.56258+00,2026-04-02 18:19:05.171+00
Pesponto,TNCV010,ONCA,39,22,OVERLOQUE CB ONÇA,Finalizado,2026-04-02 18:13:41.56258+00,2026-04-02 18:19:05.171+00
Pesponto,TNCV010,ONCA,40,24,OVERLOQUE CB ONÇA,Finalizado,2026-04-02 18:13:41.56258+00,2026-04-02 18:19:05.171+00
Pesponto,TNCV010,ONCA,41,24,OVERLOQUE CB ONÇA,Finalizado,2026-04-02 18:13:41.56258+00,2026-04-02 18:19:05.171+00
Pesponto,TNCV010,ONCA,42,11,OVERLOQUE CB ONÇA,Finalizado,2026-04-02 18:13:41.56258+00,2026-04-02 18:19:05.171+00
Pesponto,TNCV010,ONCA,43,12,OVERLOQUE CB ONÇA,Finalizado,2026-04-02 18:13:41.56258+00,2026-04-02 18:19:05.171+00
Pesponto,TNCV010,ONCA,44,12,OVERLOQUE CB ONÇA,Finalizado,2026-04-02 18:13:41.56258+00,2026-04-02 18:19:05.171+00
Pesponto,TNCV010,PINK,34,9,OVERLOQUE CB PINK,Finalizado,2026-04-02 18:14:09.650364+00,2026-04-02 18:19:03.145+00
Pesponto,TNCV010,PINK,35,8,OVERLOQUE CB PINK,Finalizado,2026-04-02 18:14:09.650364+00,2026-04-02 18:19:03.145+00
Pesponto,TNCV010,PINK,36,6,OVERLOQUE CB PINK,Finalizado,2026-04-02 18:14:09.650364+00,2026-04-02 18:19:03.145+00
Pesponto,TNCV010,PINK,39,35,OVERLOQUE CB PINK,Finalizado,2026-04-02 18:14:09.650364+00,2026-04-02 18:19:03.145+00
Pesponto,TNCV010,PINK,40,35,OVERLOQUE CB PINK,Finalizado,2026-04-02 18:14:09.650364+00,2026-04-02 18:19:03.145+00
Pesponto,TNCV010,PINK,41,11,OVERLOQUE CB PINK,Finalizado,2026-04-02 18:14:09.650364+00,2026-04-02 18:19:03.145+00
Pesponto,TNCV010,PINK,42,9,OVERLOQUE CB PINK,Finalizado,2026-04-02 18:14:09.650364+00,2026-04-02 18:19:03.145+00
Pesponto,TNCV010,PINK,43,9,OVERLOQUE CB PINK,Finalizado,2026-04-02 18:14:09.650364+00,2026-04-02 18:19:03.145+00
Pesponto,TNCV010,PRETO,34,12,OVERLOQUE CB PRETO,Finalizado,2026-04-02 18:14:26.833448+00,2026-04-02 18:18:56.388+00
Pesponto,TNCV010,PRETO,35,24,OVERLOQUE CB PRETO,Finalizado,2026-04-02 18:14:26.833448+00,2026-04-02 18:18:56.388+00
Pesponto,TNCV010,PRETO,36,36,OVERLOQUE CB PRETO,Finalizado,2026-04-02 18:14:26.833448+00,2026-04-02 18:18:56.388+00
Pesponto,TNCV010,PRETO,37,36,OVERLOQUE CB PRETO,Finalizado,2026-04-02 18:14:26.833448+00,2026-04-02 18:18:56.388+00
Pesponto,TNCV010,PRETO,38,24,OVERLOQUE CB PRETO,Finalizado,2026-04-02 18:14:26.833448+00,2026-04-02 18:18:56.388+00
Pesponto,TNCV010,ROSA BB,34,12,OVERLOQUE CB ROSA BB,Finalizado,2026-04-02 18:14:52.018445+00,2026-04-02 18:18:53.783+00
Pesponto,TNCV010,ROSA BB,35,12,OVERLOQUE CB ROSA BB,Finalizado,2026-04-02 18:14:52.018445+00,2026-04-02 18:18:53.783+00
Pesponto,TNCV010,ROSA BB,36,12,OVERLOQUE CB ROSA BB,Finalizado,2026-04-02 18:14:52.018445+00,2026-04-02 18:18:53.783+00
Pesponto,TNCV010,ROSA BB,37,12,OVERLOQUE CB ROSA BB,Finalizado,2026-04-02 18:14:52.018445+00,2026-04-02 18:18:53.783+00
Pesponto,TNCV010,ROSA BB,38,12,OVERLOQUE CB ROSA BB,Finalizado,2026-04-02 18:14:52.018445+00,2026-04-02 18:18:53.783+00
Pesponto,TNCV010,ROSA BB,39,12,OVERLOQUE CB ROSA BB,Finalizado,2026-04-02 18:14:52.018445+00,2026-04-02 18:18:53.783+00
Pesponto,TNCV010,ROSA BB,40,12,OVERLOQUE CB ROSA BB,Finalizado,2026-04-02 18:14:52.018445+00,2026-04-02 18:18:53.783+00
Pesponto,TNCV010,TERRACOTA,34,23,OVERLOQUE CB TERRACOTA,Finalizado,2026-04-02 18:15:16.452868+00,2026-04-02 18:18:51.818+00
Pesponto,TNCV010,TERRACOTA,35,21,OVERLOQUE CB TERRACOTA,Finalizado,2026-04-02 18:15:16.452868+00,2026-04-02 18:18:51.818+00
Pesponto,TNCV010,TERRACOTA,36,16,OVERLOQUE CB TERRACOTA,Finalizado,2026-04-02 18:15:16.452868+00,2026-04-02 18:18:51.818+00
Pesponto,TNCV010,TERRACOTA,37,16,OVERLOQUE CB TERRACOTA,Finalizado,2026-04-02 18:15:16.452868+00,2026-04-02 18:18:51.818+00
Pesponto,TNCV010,TERRACOTA,38,12,OVERLOQUE CB TERRACOTA,Finalizado,2026-04-02 18:15:16.452868+00,2026-04-02 18:18:51.818+00
Pesponto,TNCV010,TERRACOTA,39,19,OVERLOQUE CB TERRACOTA,Finalizado,2026-04-02 18:15:16.452868+00,2026-04-02 18:18:51.818+00
Pesponto,TNCV010,TERRACOTA,40,18,OVERLOQUE CB TERRACOTA,Finalizado,2026-04-02 18:15:16.452868+00,2026-04-02 18:18:51.818+00
Pesponto,TNCV010,TERRACOTA,41,19,OVERLOQUE CB TERRACOTA,Finalizado,2026-04-02 18:15:16.452868+00,2026-04-02 18:18:51.818+00
Pesponto,TNCV010,TERRACOTA,42,19,OVERLOQUE CB TERRACOTA,Finalizado,2026-04-02 18:15:16.452868+00,2026-04-02 18:18:51.818+00
Pesponto,TNCV010,TERRACOTA,43,22,OVERLOQUE CB TERRACOTA,Finalizado,2026-04-02 18:15:16.452868+00,2026-04-02 18:18:51.818+00
Pesponto,TNCV010,TERRACOTA,44,12,OVERLOQUE CB TERRACOTA,Finalizado,2026-04-02 18:15:16.452868+00,2026-04-02 18:18:51.818+00
Pesponto,BTCV010,PRETO,34,32,OVERLOQUE CA PRETO,Finalizado,2026-04-02 18:17:07.368692+00,2026-04-02 18:18:49.45+00
Pesponto,BTCV010,PRETO,35,48,OVERLOQUE CA PRETO,Finalizado,2026-04-02 18:17:07.368692+00,2026-04-02 18:18:49.45+00
Pesponto,BTCV010,PRETO,36,72,OVERLOQUE CA PRETO,Finalizado,2026-04-02 18:17:07.368692+00,2026-04-02 18:18:49.45+00
Pesponto,BTCV010,PRETO,37,72,OVERLOQUE CA PRETO,Finalizado,2026-04-02 18:17:07.368692+00,2026-04-02 18:18:49.45+00
Pesponto,BTCV010,PRETO,38,72,OVERLOQUE CA PRETO,Finalizado,2026-04-02 18:17:07.368692+00,2026-04-02 18:18:49.45+00
Pesponto,BTCV010,PRETO,39,60,OVERLOQUE CA PRETO,Finalizado,2026-04-02 18:17:07.368692+00,2026-04-02 18:18:49.45+00
Pesponto,BTCV010,ALL BLACK,34,36,OVERLOQUE CA ALL BLACK,Finalizado,2026-04-02 18:18:13.531113+00,2026-04-02 18:18:47.208+00
Pesponto,BTCV010,ALL BLACK,35,36,OVERLOQUE CA ALL BLACK,Finalizado,2026-04-02 18:18:13.531113+00,2026-04-02 18:18:47.208+00
Pesponto,BTCV010,ALL BLACK,36,36,OVERLOQUE CA ALL BLACK,Finalizado,2026-04-02 18:18:13.531113+00,2026-04-02 18:18:47.208+00
Pesponto,BTCV010,ALL BLACK,37,36,OVERLOQUE CA ALL BLACK,Finalizado,2026-04-02 18:18:13.531113+00,2026-04-02 18:18:47.208+00
Pesponto,BTCV010,ALL BLACK,38,36,OVERLOQUE CA ALL BLACK,Finalizado,2026-04-02 18:18:13.531113+00,2026-04-02 18:18:47.208+00
Pesponto,BTCV010,ALL BLACK,39,36,OVERLOQUE CA ALL BLACK,Finalizado,2026-04-02 18:18:13.531113+00,2026-04-02 18:18:47.208+00
Pesponto,BTCV010,ALL BLACK,40,36,OVERLOQUE CA ALL BLACK,Finalizado,2026-04-02 18:18:13.531113+00,2026-04-02 18:18:47.208+00
Pesponto,BTCV010,ALL BLACK,41,36,OVERLOQUE CA ALL BLACK,Finalizado,2026-04-02 18:18:13.531113+00,2026-04-02 18:18:47.208+00
Pesponto,BTCV010,ALL BLACK,42,36,OVERLOQUE CA ALL BLACK,Finalizado,2026-04-02 18:18:13.531113+00,2026-04-02 18:18:47.208+00
Pesponto,BTCV010,ALL BLACK,43,36,OVERLOQUE CA ALL BLACK,Finalizado,2026-04-02 18:18:13.531113+00,2026-04-02 18:18:47.208+00
Pesponto,BTCV010,ALL BLACK,44,36,OVERLOQUE CA ALL BLACK,Finalizado,2026-04-02 18:18:13.531113+00,2026-04-02 18:18:47.208+00
Pesponto,TNCV010,MILITAR,39,24,OVERLOQUE CB MILITAR 2,Finalizado,2026-04-02 18:18:40.037021+00,2026-04-02 18:18:45.123+00
Pesponto,TNCV010,MILITAR,43,24,OVERLOQUE CB MILITAR 2,Finalizado,2026-04-02 18:18:40.037021+00,2026-04-02 18:18:45.123+00
Pesponto,CRVTNCV,PRETO,34,12,F062 - COURINO PRETO,Finalizado,2026-04-02 18:22:53.056914+00,2026-04-02 18:22:57.165+00
Pesponto,CRVTNCV,PRETO,35,12,F062 - COURINO PRETO,Finalizado,2026-04-02 18:22:53.056914+00,2026-04-02 18:22:57.165+00
Pesponto,CRVTNCV,PRETO,36,12,F062 - COURINO PRETO,Finalizado,2026-04-02 18:22:53.056914+00,2026-04-02 18:22:57.165+00
Pesponto,CRVTNCV,PRETO,37,12,F062 - COURINO PRETO,Finalizado,2026-04-02 18:22:53.056914+00,2026-04-02 18:22:57.165+00
Pesponto,CRVTNCV,PRETO,38,12,F062 - COURINO PRETO,Finalizado,2026-04-02 18:22:53.056914+00,2026-04-02 18:22:57.165+00
Pesponto,CRVTNCV,PRETO,39,12,F062 - COURINO PRETO,Finalizado,2026-04-02 18:22:53.056914+00,2026-04-02 18:22:57.165+00
Pesponto,CRVTNCV,PRETO,40,12,F062 - COURINO PRETO,Finalizado,2026-04-02 18:22:53.056914+00,2026-04-02 18:22:57.165+00
Pesponto,CRVTNCV,PRETO,41,12,F062 - COURINO PRETO,Finalizado,2026-04-02 18:22:53.056914+00,2026-04-02 18:22:57.165+00
Pesponto,CRVTNCV,PRETO,42,12,F062 - COURINO PRETO,Finalizado,2026-04-02 18:22:53.056914+00,2026-04-02 18:22:57.165+00
Pesponto,CRVTNCV,PRETO,43,12,F062 - COURINO PRETO,Finalizado,2026-04-02 18:22:53.056914+00,2026-04-02 18:22:57.165+00
Pesponto,CRVTNCV,PRETO,44,12,F062 - COURINO PRETO,Finalizado,2026-04-02 18:22:53.056914+00,2026-04-02 18:22:57.165+00
Pesponto,CRVTNCV,CINZA,34,24,F063 - COURINO CINZA,Finalizado,2026-04-02 18:23:26.14508+00,2026-04-02 18:23:30.225+00
Pesponto,CRVTNCV,CINZA,35,24,F063 - COURINO CINZA,Finalizado,2026-04-02 18:23:26.14508+00,2026-04-02 18:23:30.225+00
Pesponto,CRVTNCV,CINZA,36,36,F063 - COURINO CINZA,Finalizado,2026-04-02 18:23:26.14508+00,2026-04-02 18:23:30.225+00
Pesponto,CRVTNCV,CINZA,37,36,F063 - COURINO CINZA,Finalizado,2026-04-02 18:23:26.14508+00,2026-04-02 18:23:30.225+00
Pesponto,CRVTNCV,CINZA,38,24,F063 - COURINO CINZA,Finalizado,2026-04-02 18:23:26.14508+00,2026-04-02 18:23:30.225+00
Pesponto,CRVTNCV,CINZA,39,24,F063 - COURINO CINZA,Finalizado,2026-04-02 18:23:26.14508+00,2026-04-02 18:23:30.225+00
Pesponto,CRVTNCV,CINZA,40,24,F063 - COURINO CINZA,Finalizado,2026-04-02 18:23:26.14508+00,2026-04-02 18:23:30.225+00
Pesponto,CRVTNCV,CINZA,41,24,F063 - COURINO CINZA,Finalizado,2026-04-02 18:23:26.14508+00,2026-04-02 18:23:30.225+00
Pesponto,CRVTNCV,CINZA,42,24,F063 - COURINO CINZA,Finalizado,2026-04-02 18:23:26.14508+00,2026-04-02 18:23:30.225+00
Pesponto,CRVTNCV,CINZA,43,24,F063 - COURINO CINZA,Finalizado,2026-04-02 18:23:26.14508+00,2026-04-02 18:23:30.225+00
Pesponto,CRVTNCV,CINZA,44,24,F063 - COURINO CINZA,Finalizado,2026-04-02 18:23:26.14508+00,2026-04-02 18:23:30.225+00
Pesponto,CRVTNCV,ALL BLACK,34,24,F064 - COURINO ALL BLACK,Finalizado,2026-04-02 18:23:52.789494+00,2026-04-02 18:28:48.495+00
Pesponto,CRVTNCV,ALL BLACK,35,36,F064 - COURINO ALL BLACK,Finalizado,2026-04-02 18:23:52.789494+00,2026-04-02 18:28:48.495+00
Pesponto,CRVTNCV,ALL BLACK,36,36,F064 - COURINO ALL BLACK,Finalizado,2026-04-02 18:23:52.789494+00,2026-04-02 18:28:48.495+00
Pesponto,CRVTNCV,ALL BLACK,37,36,F064 - COURINO ALL BLACK,Finalizado,2026-04-02 18:23:52.789494+00,2026-04-02 18:28:48.495+00
Pesponto,CRVTNCV,ALL BLACK,38,24,F064 - COURINO ALL BLACK,Finalizado,2026-04-02 18:23:52.789494+00,2026-04-02 18:28:48.495+00
Pesponto,CRVTNCV,ALL BLACK,39,24,F064 - COURINO ALL BLACK,Finalizado,2026-04-02 18:23:52.789494+00,2026-04-02 18:28:48.495+00
Pesponto,CRVTNCV,ALL BLACK,40,24,F064 - COURINO ALL BLACK,Finalizado,2026-04-02 18:23:52.789494+00,2026-04-02 18:28:48.495+00
Pesponto,CRVTNCV,ALL BLACK,41,24,F064 - COURINO ALL BLACK,Finalizado,2026-04-02 18:23:52.789494+00,2026-04-02 18:28:48.495+00
Pesponto,CRVTNCV,ALL BLACK,42,24,F064 - COURINO ALL BLACK,Finalizado,2026-04-02 18:23:52.789494+00,2026-04-02 18:28:48.495+00
Pesponto,CRVTNCV,ALL BLACK,43,24,F064 - COURINO ALL BLACK,Finalizado,2026-04-02 18:23:52.789494+00,2026-04-02 18:28:48.495+00
Pesponto,CRVTNCV,ALL BLACK,44,24,F064 - COURINO ALL BLACK,Finalizado,2026-04-02 18:23:52.789494+00,2026-04-02 18:28:48.495+00
Pesponto,TNCV010,PRETO,34,12,F065 - CANO BAIXO PRETO,Finalizado,2026-04-02 18:25:02.179305+00,2026-04-02 18:28:46.122+00
Pesponto,TNCV010,PRETO,35,12,F065 - CANO BAIXO PRETO,Finalizado,2026-04-02 18:25:02.179305+00,2026-04-02 18:28:46.122+00
Pesponto,TNCV010,PRETO,36,12,F065 - CANO BAIXO PRETO,Finalizado,2026-04-02 18:25:02.179305+00,2026-04-02 18:28:46.122+00
Pesponto,TNCV010,PRETO,37,12,F065 - CANO BAIXO PRETO,Finalizado,2026-04-02 18:25:02.179305+00,2026-04-02 18:28:46.122+00
Pesponto,TNCV010,PRETO,38,12,F065 - CANO BAIXO PRETO,Finalizado,2026-04-02 18:25:02.179305+00,2026-04-02 18:28:46.122+00
Pesponto,TNCV010,PRETO,39,36,F065 - CANO BAIXO PRETO,Finalizado,2026-04-02 18:25:02.179305+00,2026-04-02 18:28:46.122+00
Pesponto,TNCV010,PRETO,40,36,F065 - CANO BAIXO PRETO,Finalizado,2026-04-02 18:25:02.179305+00,2026-04-02 18:28:46.122+00
Pesponto,TNCV010,PRETO,41,36,F065 - CANO BAIXO PRETO,Finalizado,2026-04-02 18:25:02.179305+00,2026-04-02 18:28:46.122+00
Pesponto,TNCV010,PRETO,42,36,F065 - CANO BAIXO PRETO,Finalizado,2026-04-02 18:25:02.179305+00,2026-04-02 18:28:46.122+00
Pesponto,TNCV010,PRETO,43,36,F065 - CANO BAIXO PRETO,Finalizado,2026-04-02 18:25:02.179305+00,2026-04-02 18:28:46.122+00
Pesponto,TNCV010,PRETO,44,36,F065 - CANO BAIXO PRETO,Finalizado,2026-04-02 18:25:02.179305+00,2026-04-02 18:28:46.122+00
Pesponto,TNCV010,BORDO,34,12,F066 - CANO BAIXO BORDO,Finalizado,2026-04-02 18:25:29.4241+00,2026-04-02 18:28:43.97+00
Pesponto,TNCV010,BORDO,35,12,F066 - CANO BAIXO BORDO,Finalizado,2026-04-02 18:25:29.4241+00,2026-04-02 18:28:43.97+00
Pesponto,TNCV010,BORDO,36,12,F066 - CANO BAIXO BORDO,Finalizado,2026-04-02 18:25:29.4241+00,2026-04-02 18:28:43.97+00
Pesponto,TNCV010,BORDO,37,12,F066 - CANO BAIXO BORDO,Finalizado,2026-04-02 18:25:29.4241+00,2026-04-02 18:28:43.97+00
Pesponto,TNCV010,BORDO,38,12,F066 - CANO BAIXO BORDO,Finalizado,2026-04-02 18:25:29.4241+00,2026-04-02 18:28:43.97+00
Pesponto,TNCV010,BORDO,39,12,F066 - CANO BAIXO BORDO,Finalizado,2026-04-02 18:25:29.4241+00,2026-04-02 18:28:43.97+00
Pesponto,TNCV010,BORDO,40,12,F066 - CANO BAIXO BORDO,Finalizado,2026-04-02 18:25:29.4241+00,2026-04-02 18:28:43.97+00
Pesponto,TNCV010,BORDO,41,12,F066 - CANO BAIXO BORDO,Finalizado,2026-04-02 18:25:29.4241+00,2026-04-02 18:28:43.97+00
Pesponto,TNCV010,BORDO,42,12,F066 - CANO BAIXO BORDO,Finalizado,2026-04-02 18:25:29.4241+00,2026-04-02 18:28:43.97+00
Pesponto,TNCV010,BORDO,43,12,F066 - CANO BAIXO BORDO,Finalizado,2026-04-02 18:25:29.4241+00,2026-04-02 18:28:43.97+00
Pesponto,TNCV010,BORDO,44,12,F066 - CANO BAIXO BORDO,Finalizado,2026-04-02 18:25:29.4241+00,2026-04-02 18:28:43.97+00
Pesponto,TNCV010,CINZA,34,12,F067 - CANO BAIXO CINZA,Finalizado,2026-04-02 18:25:59.588862+00,2026-04-02 18:28:41.302+00
Pesponto,TNCV010,CINZA,35,24,F067 - CANO BAIXO CINZA,Finalizado,2026-04-02 18:25:59.588862+00,2026-04-02 18:28:41.302+00
Pesponto,TNCV010,CINZA,36,24,F067 - CANO BAIXO CINZA,Finalizado,2026-04-02 18:25:59.588862+00,2026-04-02 18:28:41.302+00
Pesponto,TNCV010,CINZA,37,24,F067 - CANO BAIXO CINZA,Finalizado,2026-04-02 18:25:59.588862+00,2026-04-02 18:28:41.302+00
Pesponto,TNCV010,CINZA,38,12,F067 - CANO BAIXO CINZA,Finalizado,2026-04-02 18:25:59.588862+00,2026-04-02 18:28:41.302+00
Pesponto,TNCV010,CINZA,39,12,F067 - CANO BAIXO CINZA,Finalizado,2026-04-02 18:25:59.588862+00,2026-04-02 18:28:41.302+00
Pesponto,TNCV010,CINZA,40,12,F067 - CANO BAIXO CINZA,Finalizado,2026-04-02 18:25:59.588862+00,2026-04-02 18:28:41.302+00
Pesponto,TNCV010,CINZA,41,12,F067 - CANO BAIXO CINZA,Finalizado,2026-04-02 18:25:59.588862+00,2026-04-02 18:28:41.302+00
Pesponto,TNCV010,CINZA,42,12,F067 - CANO BAIXO CINZA,Finalizado,2026-04-02 18:25:59.588862+00,2026-04-02 18:28:41.302+00
Pesponto,TNCV010,CINZA,43,12,F067 - CANO BAIXO CINZA,Finalizado,2026-04-02 18:25:59.588862+00,2026-04-02 18:28:41.302+00
Pesponto,TNCV010,CINZA,44,12,F067 - CANO BAIXO CINZA,Finalizado,2026-04-02 18:25:59.588862+00,2026-04-02 18:28:41.302+00
Pesponto,BTCV010,PRETO,34,36,F068 - CANO ALTO PRETO,Finalizado,2026-04-02 18:26:41.147268+00,2026-04-02 18:28:39.422+00
Pesponto,BTCV010,PRETO,35,36,F068 - CANO ALTO PRETO,Finalizado,2026-04-02 18:26:41.147268+00,2026-04-02 18:28:39.422+00
Pesponto,BTCV010,PRETO,36,36,F068 - CANO ALTO PRETO,Finalizado,2026-04-02 18:26:41.147268+00,2026-04-02 18:28:39.422+00
Pesponto,BTCV010,PRETO,37,36,F068 - CANO ALTO PRETO,Finalizado,2026-04-02 18:26:41.147268+00,2026-04-02 18:28:39.422+00
Pesponto,BTCV010,PRETO,38,36,F068 - CANO ALTO PRETO,Finalizado,2026-04-02 18:26:41.147268+00,2026-04-02 18:28:39.422+00
Pesponto,BTCV010,PRETO,39,36,F068 - CANO ALTO PRETO,Finalizado,2026-04-02 18:26:41.147268+00,2026-04-02 18:28:39.422+00
Pesponto,BTCV010,PRETO,40,36,F068 - CANO ALTO PRETO,Finalizado,2026-04-02 18:26:41.147268+00,2026-04-02 18:28:39.422+00
Pesponto,BTCV010,PRETO,41,36,F068 - CANO ALTO PRETO,Finalizado,2026-04-02 18:26:41.147268+00,2026-04-02 18:28:39.422+00
Pesponto,BTCV010,PRETO,42,36,F068 - CANO ALTO PRETO,Finalizado,2026-04-02 18:26:41.147268+00,2026-04-02 18:28:39.422+00
Pesponto,BTCV010,PRETO,43,36,F068 - CANO ALTO PRETO,Finalizado,2026-04-02 18:26:41.147268+00,2026-04-02 18:28:39.422+00
Pesponto,BTCV010,PRETO,44,36,F068 - CANO ALTO PRETO,Finalizado,2026-04-02 18:26:41.147268+00,2026-04-02 18:28:39.422+00
Pesponto,TNCV010,PRETO,34,36,F069 - CANO BAIXO PRETO,Finalizado,2026-04-02 18:27:17.714077+00,2026-04-02 18:28:37.659+00
Pesponto,TNCV010,PRETO,35,36,F069 - CANO BAIXO PRETO,Finalizado,2026-04-02 18:27:17.714077+00,2026-04-02 18:28:37.659+00
Pesponto,TNCV010,PRETO,36,36,F069 - CANO BAIXO PRETO,Finalizado,2026-04-02 18:27:17.714077+00,2026-04-02 18:28:37.659+00
Pesponto,TNCV010,PRETO,37,36,F069 - CANO BAIXO PRETO,Finalizado,2026-04-02 18:27:17.714077+00,2026-04-02 18:28:37.659+00
Pesponto,TNCV010,PRETO,38,36,F069 - CANO BAIXO PRETO,Finalizado,2026-04-02 18:27:17.714077+00,2026-04-02 18:28:37.659+00
Pesponto,TNCV010,PRETO,39,36,F069 - CANO BAIXO PRETO,Finalizado,2026-04-02 18:27:17.714077+00,2026-04-02 18:28:37.659+00
Pesponto,TNCV010,PRETO,40,36,F069 - CANO BAIXO PRETO,Finalizado,2026-04-02 18:27:17.714077+00,2026-04-02 18:28:37.659+00
Pesponto,TNCV010,PRETO,41,36,F069 - CANO BAIXO PRETO,Finalizado,2026-04-02 18:27:17.714077+00,2026-04-02 18:28:37.659+00
Pesponto,TNCV010,PRETO,42,36,F069 - CANO BAIXO PRETO,Finalizado,2026-04-02 18:27:17.714077+00,2026-04-02 18:28:37.659+00
Pesponto,TNCV010,PRETO,43,36,F069 - CANO BAIXO PRETO,Finalizado,2026-04-02 18:27:17.714077+00,2026-04-02 18:28:37.659+00
Pesponto,TNCV010,PRETO,44,36,F069 - CANO BAIXO PRETO,Finalizado,2026-04-02 18:27:17.714077+00,2026-04-02 18:28:37.659+00
Pesponto,TNCV010,BRANCO,34,36,F070 - CANO BAIXO BRANCO,Finalizado,2026-04-02 18:27:51.634444+00,2026-04-02 18:28:34.245+00
Pesponto,TNCV010,BRANCO,35,36,F070 - CANO BAIXO BRANCO,Finalizado,2026-04-02 18:27:51.634444+00,2026-04-02 18:28:34.245+00
Pesponto,TNCV010,BRANCO,36,36,F070 - CANO BAIXO BRANCO,Finalizado,2026-04-02 18:27:51.634444+00,2026-04-02 18:28:34.245+00
Pesponto,TNCV010,BRANCO,37,36,F070 - CANO BAIXO BRANCO,Finalizado,2026-04-02 18:27:51.634444+00,2026-04-02 18:28:34.245+00
Pesponto,TNCV010,BRANCO,38,36,F070 - CANO BAIXO BRANCO,Finalizado,2026-04-02 18:27:51.634444+00,2026-04-02 18:28:34.245+00
Pesponto,TNCV010,BRANCO,39,36,F070 - CANO BAIXO BRANCO,Finalizado,2026-04-02 18:27:51.634444+00,2026-04-02 18:28:34.245+00
Pesponto,TNCV010,BRANCO,40,36,F070 - CANO BAIXO BRANCO,Finalizado,2026-04-02 18:27:51.634444+00,2026-04-02 18:28:34.245+00
Pesponto,TNCV010,BRANCO,41,36,F070 - CANO BAIXO BRANCO,Finalizado,2026-04-02 18:27:51.634444+00,2026-04-02 18:28:34.245+00
Pesponto,TNCV010,BRANCO,42,36,F070 - CANO BAIXO BRANCO,Finalizado,2026-04-02 18:27:51.634444+00,2026-04-02 18:28:34.245+00
Pesponto,TNCV010,BRANCO,43,36,F070 - CANO BAIXO BRANCO,Finalizado,2026-04-02 18:27:51.634444+00,2026-04-02 18:28:34.245+00
Pesponto,TNCV010,BRANCO,44,36,F070 - CANO BAIXO BRANCO,Finalizado,2026-04-02 18:27:51.634444+00,2026-04-02 18:28:34.245+00
Pesponto,BTCV010,BORDO,34,24,F071 - CANO ALTO BORDO,Finalizado,2026-04-02 18:29:24.858404+00,2026-04-02 22:58:16.736+00
Pesponto,BTCV010,BORDO,35,24,F071 - CANO ALTO BORDO,Finalizado,2026-04-02 18:29:24.858404+00,2026-04-02 22:58:16.736+00
Pesponto,BTCV010,BORDO,36,24,F071 - CANO ALTO BORDO,Finalizado,2026-04-02 18:29:24.858404+00,2026-04-02 22:58:16.736+00
Pesponto,BTCV010,BORDO,37,24,F071 - CANO ALTO BORDO,Finalizado,2026-04-02 18:29:24.858404+00,2026-04-02 22:58:16.736+00
Pesponto,BTCV010,BORDO,38,24,F071 - CANO ALTO BORDO,Finalizado,2026-04-02 18:29:24.858404+00,2026-04-02 22:58:16.736+00
Pesponto,BTCV010,BORDO,39,24,F071 - CANO ALTO BORDO,Finalizado,2026-04-02 18:29:24.858404+00,2026-04-02 22:58:16.736+00
Pesponto,BTCV010,BORDO,40,24,F071 - CANO ALTO BORDO,Finalizado,2026-04-02 18:29:24.858404+00,2026-04-02 22:58:16.736+00
Pesponto,BTCV010,BORDO,41,24,F071 - CANO ALTO BORDO,Finalizado,2026-04-02 18:29:24.858404+00,2026-04-02 22:58:16.736+00
Pesponto,BTCV010,BORDO,42,24,F071 - CANO ALTO BORDO,Finalizado,2026-04-02 18:29:24.858404+00,2026-04-02 22:58:16.736+00
Pesponto,BTCV010,BORDO,43,24,F071 - CANO ALTO BORDO,Finalizado,2026-04-02 18:29:24.858404+00,2026-04-02 22:58:16.736+00
Pesponto,BTCV010,BORDO,44,24,F071 - CANO ALTO BORDO,Finalizado,2026-04-02 18:29:24.858404+00,2026-04-02 22:58:16.736+00
Pesponto,BTCV010,BORDO,34,24,F072 - CANO ALTO BORDO,Em aberto,2026-04-02 18:29:52.229812+00,
Pesponto,BTCV010,BORDO,35,24,F072 - CANO ALTO BORDO,Em aberto,2026-04-02 18:29:52.229812+00,
Pesponto,BTCV010,BORDO,36,24,F072 - CANO ALTO BORDO,Em aberto,2026-04-02 18:29:52.229812+00,
Pesponto,BTCV010,BORDO,37,24,F072 - CANO ALTO BORDO,Em aberto,2026-04-02 18:29:52.229812+00,
Pesponto,BTCV010,BORDO,38,24,F072 - CANO ALTO BORDO,Em aberto,2026-04-02 18:29:52.229812+00,
Pesponto,BTCV010,BORDO,39,24,F072 - CANO ALTO BORDO,Em aberto,2026-04-02 18:29:52.229812+00,
Pesponto,BTCV010,BORDO,40,24,F072 - CANO ALTO BORDO,Em aberto,2026-04-02 18:29:52.229812+00,
Pesponto,BTCV010,BORDO,41,24,F072 - CANO ALTO BORDO,Em aberto,2026-04-02 18:29:52.229812+00,
Pesponto,BTCV010,BORDO,42,24,F072 - CANO ALTO BORDO,Em aberto,2026-04-02 18:29:52.229812+00,
Pesponto,BTCV010,BORDO,43,24,F072 - CANO ALTO BORDO,Em aberto,2026-04-02 18:29:52.229812+00,
Pesponto,BTCV010,BORDO,44,24,F072 - CANO ALTO BORDO,Em aberto,2026-04-02 18:29:52.229812+00,
Pesponto,TNCV010,PRETO,34,24,F073 - CANO BAIXO PRETO,Em aberto,2026-04-02 18:33:20.332064+00,
Pesponto,TNCV010,PRETO,35,24,F073 - CANO BAIXO PRETO,Em aberto,2026-04-02 18:33:20.332064+00,
Pesponto,TNCV010,PRETO,36,24,F073 - CANO BAIXO PRETO,Em aberto,2026-04-02 18:33:20.332064+00,
Pesponto,TNCV010,PRETO,37,24,F073 - CANO BAIXO PRETO,Em aberto,2026-04-02 18:33:20.332064+00,
Pesponto,TNCV010,PRETO,38,24,F073 - CANO BAIXO PRETO,Em aberto,2026-04-02 18:33:20.332064+00,
Pesponto,TNCV010,PRETO,39,24,F073 - CANO BAIXO PRETO,Em aberto,2026-04-02 18:33:20.332064+00,
Pesponto,TNCV010,PRETO,40,24,F073 - CANO BAIXO PRETO,Em aberto,2026-04-02 18:33:20.332064+00,
Pesponto,TNCV010,PRETO,41,24,F073 - CANO BAIXO PRETO,Em aberto,2026-04-02 18:33:20.332064+00,
Pesponto,TNCV010,PRETO,42,24,F073 - CANO BAIXO PRETO,Em aberto,2026-04-02 18:33:20.332064+00,
Pesponto,TNCV010,PRETO,43,24,F073 - CANO BAIXO PRETO,Em aberto,2026-04-02 18:33:20.332064+00,
Pesponto,TNCV010,PRETO,44,24,F073 - CANO BAIXO PRETO,Em aberto,2026-04-02 18:33:20.332064+00,
Pesponto,BTCV010,PRETO,34,36,F074 - CANO ALTO PRETO,Em aberto,2026-04-02 18:33:58.993201+00,
Pesponto,BTCV010,PRETO,35,36,F074 - CANO ALTO PRETO,Em aberto,2026-04-02 18:33:58.993201+00,
Pesponto,BTCV010,PRETO,36,36,F074 - CANO ALTO PRETO,Em aberto,2026-04-02 18:33:58.993201+00,
Pesponto,BTCV010,PRETO,37,36,F074 - CANO ALTO PRETO,Em aberto,2026-04-02 18:33:58.993201+00,
Pesponto,BTCV010,PRETO,38,36,F074 - CANO ALTO PRETO,Em aberto,2026-04-02 18:33:58.993201+00,
Pesponto,BTCV010,PRETO,39,36,F074 - CANO ALTO PRETO,Em aberto,2026-04-02 18:33:58.993201+00,
Pesponto,BTCV010,PRETO,40,36,F074 - CANO ALTO PRETO,Em aberto,2026-04-02 18:33:58.993201+00,
Pesponto,BTCV010,PRETO,41,36,F074 - CANO ALTO PRETO,Em aberto,2026-04-02 18:33:58.993201+00,
Pesponto,BTCV010,PRETO,42,36,F074 - CANO ALTO PRETO,Em aberto,2026-04-02 18:33:58.993201+00,
Pesponto,BTCV010,PRETO,43,36,F074 - CANO ALTO PRETO,Em aberto,2026-04-02 18:33:58.993201+00,
Pesponto,BTCV010,PRETO,44,36,F074 - CANO ALTO PRETO,Em aberto,2026-04-02 18:33:58.993201+00,
Pesponto,TNCV010,ONCA,37,12,F075 - CB ONÇA,Em aberto,2026-04-02 18:34:35.163268+00,
Pesponto,BTCV010,BORDO,34,12,F076 - BORDO CANO ALTO,Em aberto,2026-04-02 18:35:01.771348+00,
Pesponto,BTCV010,BORDO,35,12,F076 - BORDO CANO ALTO,Em aberto,2026-04-02 18:35:01.771348+00,
Pesponto,BTCV010,BORDO,36,36,F076 - BORDO CANO ALTO,Em aberto,2026-04-02 18:35:01.771348+00,
Pesponto,BTCV010,BORDO,37,36,F076 - BORDO CANO ALTO,Em aberto,2026-04-02 18:35:01.771348+00,
Pesponto,BTCV010,BORDO,38,12,F076 - BORDO CANO ALTO,Em aberto,2026-04-02 18:35:01.771348+00,
Pesponto,BTCV010,BORDO,39,12,F076 - BORDO CANO ALTO,Em aberto,2026-04-02 18:35:01.771348+00,
Pesponto,BTCV010,BORDO,40,12,F076 - BORDO CANO ALTO,Em aberto,2026-04-02 18:35:01.771348+00,
Pesponto,CRVTNCV,BRANCO,34,36,F077 - COURINO BRANCO,Em aberto,2026-04-02 18:35:41.028662+00,
Pesponto,CRVTNCV,BRANCO,35,36,F077 - COURINO BRANCO,Em aberto,2026-04-02 18:35:41.028662+00,
Pesponto,CRVTNCV,BRANCO,36,48,F077 - COURINO BRANCO,Em aberto,2026-04-02 18:35:41.028662+00,
Pesponto,CRVTNCV,BRANCO,37,60,F077 - COURINO BRANCO,Em aberto,2026-04-02 18:35:41.028662+00,
Pesponto,CRVTNCV,BRANCO,38,36,F077 - COURINO BRANCO,Em aberto,2026-04-02 18:35:41.028662+00,
Pesponto,CRVTNCV,BRANCO,39,36,F077 - COURINO BRANCO,Em aberto,2026-04-02 18:35:41.028662+00,
Pesponto,TNCV010,PRETO,36,24,F078 - CANO BAIXO PRETO,Em aberto,2026-04-02 18:36:04.027703+00,
Pesponto,BTCV010,ALL BLACK,34,12,F079 - CANO ALTO ALL BLACK,Em aberto,2026-04-02 18:36:30.626911+00,
Pesponto,BTCV010,ALL BLACK,35,36,F079 - CANO ALTO ALL BLACK,Em aberto,2026-04-02 18:36:30.626911+00,
Pesponto,BTCV010,ALL BLACK,36,48,F079 - CANO ALTO ALL BLACK,Em aberto,2026-04-02 18:36:30.626911+00,
Pesponto,BTCV010,ALL BLACK,37,48,F079 - CANO ALTO ALL BLACK,Em aberto,2026-04-02 18:36:30.626911+00,
Pesponto,BTCV010,ALL BLACK,38,36,F079 - CANO ALTO ALL BLACK,Em aberto,2026-04-02 18:36:30.626911+00,
Pesponto,BTCV010,ALL BLACK,39,60,F079 - CANO ALTO ALL BLACK,Em aberto,2026-04-02 18:36:30.626911+00,
Pesponto,BTCV010,MARROM,34,24,F080 - CANO ALTO MARROM,Em aberto,2026-04-02 18:37:10.06233+00,
Pesponto,BTCV010,MARROM,44,12,F080 - CANO ALTO MARROM,Em aberto,2026-04-02 18:37:10.06233+00,
Pesponto,TNCV010,PRETO,36,36,F081 - CANO BAIXO PRETO,Em aberto,2026-04-02 18:37:47.382492+00,
Pesponto,CRVTNCV,CINZA,40,12,F081 - COURINO CINZA,Em aberto,2026-04-02 18:38:04.348+00,
Pesponto,CRVTNCV,BRANCO,34,24,F081 - COURINO BRANCO,Em aberto,2026-04-02 18:38:30.3903+00,
Pesponto,CRVTNCV,BRANCO,35,48,F081 - COURINO BRANCO,Em aberto,2026-04-02 18:38:30.3903+00,
Pesponto,CRVTNCV,BRANCO,36,48,F081 - COURINO BRANCO,Em aberto,2026-04-02 18:38:30.3903+00,
Pesponto,CRVTNCV,BRANCO,37,60,F081 - COURINO BRANCO,Em aberto,2026-04-02 18:38:30.3903+00,
Pesponto,CRVTNCV,BRANCO,38,48,F081 - COURINO BRANCO,Em aberto,2026-04-02 18:38:30.3903+00,
Pesponto,CRVTNCV,BRANCO,39,24,F081 - COURINO BRANCO,Em aberto,2026-04-02 18:38:30.3903+00,
Pesponto,BTCV010,BORDO,34,36,F082 - BORDO CANO ALTO,Em aberto,2026-04-02 18:39:21.70362+00,
Pesponto,BTCV010,BORDO,35,36,F082 - BORDO CANO ALTO,Em aberto,2026-04-02 18:39:21.70362+00,
Pesponto,BTCV010,BORDO,36,36,F082 - BORDO CANO ALTO,Em aberto,2026-04-02 18:39:21.70362+00,
Pesponto,BTCV010,BORDO,37,36,F082 - BORDO CANO ALTO,Em aberto,2026-04-02 18:39:21.70362+00,
Pesponto,BTCV010,BORDO,38,36,F082 - BORDO CANO ALTO,Em aberto,2026-04-02 18:39:21.70362+00,
Pesponto,BTCV010,BORDO,39,36,F082 - BORDO CANO ALTO,Em aberto,2026-04-02 18:39:21.70362+00,
Pesponto,BTCV010,BORDO,40,24,F082 - BORDO CANO ALTO,Em aberto,2026-04-02 18:39:21.70362+00,
Pesponto,BTCV010,BORDO,41,24,F082 - BORDO CANO ALTO,Em aberto,2026-04-02 18:39:21.70362+00,
Pesponto,BTCV010,BORDO,42,24,F082 - BORDO CANO ALTO,Em aberto,2026-04-02 18:39:21.70362+00,
Pesponto,BTCV010,BORDO,43,12,F082 - BORDO CANO ALTO,Em aberto,2026-04-02 18:39:21.70362+00,
Pesponto,BTCV010,BORDO,44,12,F082 - BORDO CANO ALTO,Em aberto,2026-04-02 18:39:21.70362+00,
Pesponto,BTCV010,ALL BLACK,34,36,F083 - CANO ALTO BLACK,Em aberto,2026-04-02 18:39:44.264513+00,
Pesponto,BTCV010,ALL BLACK,35,36,F083 - CANO ALTO BLACK,Em aberto,2026-04-02 18:39:44.264513+00,
Pesponto,BTCV010,ALL BLACK,36,36,F083 - CANO ALTO BLACK,Em aberto,2026-04-02 18:39:44.264513+00,
Pesponto,BTCV010,ALL BLACK,37,36,F083 - CANO ALTO BLACK,Em aberto,2026-04-02 18:39:44.264513+00,
Pesponto,BTCV010,ALL BLACK,38,36,F083 - CANO ALTO BLACK,Em aberto,2026-04-02 18:39:44.264513+00,
Pesponto,BTCV010,ALL BLACK,39,36,F083 - CANO ALTO BLACK,Em aberto,2026-04-02 18:39:44.264513+00,
Pesponto,BTCV010,ALL BLACK,40,24,F083 - CANO ALTO BLACK,Em aberto,2026-04-02 18:39:44.264513+00,
Pesponto,BTCV010,ALL BLACK,41,24,F083 - CANO ALTO BLACK,Em aberto,2026-04-02 18:39:44.264513+00,
Pesponto,BTCV010,ALL BLACK,42,24,F083 - CANO ALTO BLACK,Em aberto,2026-04-02 18:39:44.264513+00,
Pesponto,BTCV010,ALL BLACK,43,12,F083 - CANO ALTO BLACK,Em aberto,2026-04-02 18:39:44.264513+00,
Pesponto,BTCV010,ALL BLACK,44,12,F083 - CANO ALTO BLACK,Em aberto,2026-04-02 18:39:44.264513+00,
Pesponto,TNCV010,PRETO,39,12,F084 - CANO BAIXO PRETO,Em aberto,2026-04-02 18:43:13.589992+00,
Pesponto,TNCV010,PRETO,41,24,F084 - CANO BAIXO PRETO,Em aberto,2026-04-02 18:43:13.589992+00,
Pesponto,TNCV010,PRETO,42,84,F084 - CANO BAIXO PRETO,Em aberto,2026-04-02 18:43:13.589992+00,
Pesponto,TNCV010,PRETO,43,84,F084 - CANO BAIXO PRETO,Em aberto,2026-04-02 18:43:13.589992+00,
Pesponto,TNCV010,PRETO,44,48,F084 - CANO BAIXO PRETO,Em aberto,2026-04-02 18:43:13.589992+00,
Pesponto,TNCV010,AZUL MARINHO,43,12,F084 - CANO BAIXO AZUL MARINHO,Em aberto,2026-04-02 19:05:34.05629+00,
Pesponto,TNCV010,AZUL MARINHO,44,24,F084 - CANO BAIXO AZUL MARINHO,Em aberto,2026-04-02 19:05:34.05629+00,
